date,category,memo,amount
2022-07-24,その他,スティックノリ(TOEIC写真貼る用),120
2022-07-24,その他,水,100
2022-07-24,その他,TOEIC用写真(写真証明機),900
2022-07-24,旅費交通費,電車（海老名→淵野辺）,377
2022-07-25,自己投資,コメダ珈琲,270
2022-07-25,自己投資,書籍（エンジニア4冊）,9826
2022-07-26,旅費交通費,電車（海老名→本厚木）,130
2022-07-26,その他,アイペット損害保険,3890
2022-07-26,その他,不動産取得税,246300
2022-07-26,水道光熱費,ガス料金（6月分）,4121
2022-07-26,水道光熱費,水道料金(6月分),4331
2022-07-26,飲食費,コンビニ飯,521
2022-07-26,自己投資,スタバ,413
2022-07-26,自己投資,Udemy,1480
2022-07-26,水道光熱費,水道料金(7月分),4331
2022-07-27,水道光熱費,電気代(7月分),9592
2022-07-27,自己投資,スタバ,390
2022-07-27,自己投資,コメダ珈琲,270
2022-07-27,自己投資,書籍（チーム関連）,6710
2022-07-27,借金,日本学生支援機構,8100
2022-07-28,飲食費,コンビニ飯,53
2022-07-28,自己投資,スタバ,462
2022-07-28,その他,ウォーターサーバー,880
2022-07-28,自己投資,コメダ珈琲,270
2022-07-29,その他,美容院カット,6950
2022-07-29,その他,LINE漫画,120
2022-07-29,飲食費,アイスコンビニ飯,259
2022-07-30,その他,菜々子喉薬,158
2022-07-30,その他,コンビニ 菜々子のど飴,200
2022-07-30,自己投資,スタバ,390
2022-07-30,自己投資,コメダ珈琲,270
2022-07-30,飲食費,すき家,350
2022-07-31,水道光熱費,東京ガス7月分,4020
2022-07-31,飲食費,コンビニ,264
2022-07-31,その他,印鑑証明書,600
2022-07-31,飲食費,すき焼き食材,4821
2022-07-31,自己投資,コメダ珈琲,1210
2022-07-31,自己投資,トイック試験,7810
2022-08-01,飲食費,水,120
2022-08-01,飲食費,スタバ,390
2022-08-01,飲食費,コメダ珈琲,790
2022-08-02,飲食費,エクセシオールcafe,438
2022-08-02,自己投資,スタサプ(英語学習アプリ),3278
2022-08-02,飲食費,水,220
2022-08-02,自己投資,英語学習本,1760
2022-08-02,飲食費,スタバ,709
2022-08-02,旅費交通費,電車 海老名→センター南→海老名,1236
2022-08-03,飲食費,コンビニ,784
2022-08-03,飲食費,スタバ,165
2022-08-03,飲食費,スタバ,460
2022-08-03,飲食費,コメダ珈琲,790
2022-08-04,飲食費,映画 ポップコーン,1840
2022-08-04,飲食費,コメダ珈琲,790
2022-08-04,その他,映画 ジュラシックワールド,6600
2022-08-05,飲食費,スタバ,429
2022-08-05,その他,ワンピース漫画,1584
2022-08-05,自己投資,PYQ,8130
2022-08-06,飲食費,水,120
2022-08-06,自己投資,英語用ノートボールペン,880
2022-08-06,飲食費,スタバ,651
2022-08-06,飲食費,食費,4860
2022-08-07,その他,漫画LINE,610
2022-08-07,飲食費,水,120
2022-08-07,その他,Apple Watch充電器,4339
2022-08-07,飲食費,スタバ,1172
2022-08-07,飲食費,スタバ,390
2022-08-07,飲食費,すき家,350
2022-08-08,飲食費,水,120
2022-08-08,飲食費,スタバ,950
2022-08-09,飲食費,スタバ,1439
2022-08-10,住宅,中目黒家賃,100000
2022-08-10,旅費交通費,センター南→中目黒,492
2022-08-10,飲食費,鎌倉パスタたつき,2948
2022-08-10,飲食費,エクセシオールカフェ,438
2022-08-10,その他,ウォーターサーバー,880
2022-08-10,飲食費,忍者飯梅,120
2022-08-10,飲食費,スタバ,390
2022-08-10,旅費交通費,海老名→センター南,618
2022-08-11,飲食費,コンビニ飯,382
2022-08-11,飲食費,スタバ,390
2022-08-11,飲食費,コンビニ飯,456
2022-08-11,旅費交通費,中目黒→センター南,492
2022-08-12,自己投資,書籍,23789
2022-08-12,飲食費,スタバ,462
2022-08-12,飲食費,スタバ,730
2022-08-12,飲食費,スタバ,641
2022-08-12,その他,タバコ菜々子,580
2022-08-12,借金,ペイディー,7095
2022-08-13,飲食費,スタバ,641
2022-08-13,飲食費,コメダ,390
2022-08-13,飲食費,パーティ前夜祭,6907
2022-08-14,旅費交通費,菜々子引越し高速,1700
2022-08-14,飲食費,食費,1283
2022-08-14,その他,菜々子引っ越しレンタカー,11550
2022-08-14,旅費交通費,引っ越しガソリンレンタカー,1851
2022-08-14,飲食費,スタバ,390
2022-08-15,飲食費,自動販売機,400
2022-08-15,その他,ホテルビスタ,12200
2022-08-15,飲食費,スタバ,165
2022-08-15,飲食費,水,120
2022-08-15,飲食費,スタバ,936
2022-08-15,通信費,スマホ7月分,15219
2022-08-16,その他,コストコ会員費更新,8100
2022-08-16,飲食費,コストコ食材費,8085
2022-08-16,飲食費,コストコフードコート,2080
2022-08-16,飲食費,エクセシオールcafe,876
2022-08-16,飲食費,コンビニ飯,402
2022-08-16,借金,会社前払金,100982
2022-08-17,飲食費,爺ちゃん誕生日,11730
2022-08-17,飲食費,すき家,1650
2022-08-18,飲食費,スタバ,135
2022-08-18,飲食費,水,120
2022-08-18,飲食費,スタバ,390
2022-08-19,飲食費,スタバ,390
2022-08-19,飲食費,コメチケ,5600
2022-08-19,飲食費,すき家,390
2022-08-20,飲食費,クレープ,470
2022-08-20,飲食費,スタバ,390
2022-08-20,飲食費,コメダ珈琲,270
2022-08-20,その他,映画ONE PIECE RED,2800
2022-08-20,自己投資,jetbrains,1133
2022-08-21,飲食費,水,240
2022-08-21,自己投資,ノート,693
2022-08-21,自己投資,udemyかめさん機械学習,6990
2022-08-21,飲食費,スタバ,555
2022-08-21,飲食費,すき家,780
2022-08-22,その他,弁当箱,2546
2022-08-22,飲食費,スタバ,1244
2022-08-22,飲食費,すき家,350
2022-08-23,住宅,アルヒ住宅ローン,227479
2022-08-23,飲食費,エクセシオール よし、たつき,1807
2022-08-23,飲食費,コンビニ飯,348
2022-08-23,飲食費,スタバ,781
2022-08-24,飲食費,水,240
2022-08-24,飲食費,スタバ,390
2022-08-25,借金,アコム返済,90000
2022-08-25,飲食費,水,240
2022-08-25,飲食費,大戸屋,2490
2022-08-26,飲食費,スタバ,501
2022-08-26,飲食費,水,120
2022-08-26,飲食費,スタバ,390
2022-08-27,その他,ワンピース映画,2800
2022-08-27,飲食費,水,120
2022-08-27,自己投資,Udemy,4040
2022-08-27,自己投資,書籍,16127
2022-08-27,その他,LINE漫画,980
2022-08-27,飲食費,スタバ,390
2022-08-28,飲食費,映画ドリンク,760
2022-08-28,飲食費,水,360
2022-08-29,飲食費,スタバ,1869
2022-08-29,水道光熱費,電気代,13402
2022-08-29,借金,奨学金,8100
2022-08-30,飲食費,スタバ,743
2022-08-30,自己投資,IQテスト,1990
2022-08-30,飲食費,スタバ,874
2022-08-31,その他,loop,440
2022-08-31,飲食費,バーガーべいくうぉーたー,3460
2022-08-31,飲食費,スタバ,140
2022-08-31,その他,眉毛サロン,13380
2022-08-31,飲食費,ゴンチャ,1450
2022-08-31,飲食費,コンビニ飯,125
2022-08-31,飲食費,水,115
2022-08-31,飲食費,すき家,450
2022-09-01,飲食費,ラテグラ,1056
2022-09-01,その他,傘,1512
2022-09-01,旅費交通費,小田急ゴリラクリニック町田,440
2022-09-01,飲食費,水,140
2022-09-01,飲食費,スタバ,390
2022-09-02,飲食費,水,227
2022-09-02,飲食費,スタバ,1156
2022-09-03,その他,少林サッカー,400
2022-09-03,飲食費,スーパー,10731
2022-09-03,飲食費,スタバ,138
2022-09-03,水道光熱費,ガス料金8月分,3358
2022-09-03,飲食費,ピザーラ,5500
2022-09-03,飲食費,スタバ,741
2022-09-04,飲食費,水,120
2022-09-04,飲食費,スタバ,874
2022-09-05,飲食費,スタバ,431
2022-09-05,飲食費,スタバ,390
2022-09-05,飲食費,コンビニ飯,245
2022-09-05,自己投資,PYQ,8130
2022-09-07,自己投資,スタバ,985
2022-09-07,飲食費,水,112
2022-09-08,自己投資,線形代数&微分積分書籍,2455
2022-09-08,飲食費,水,313
2022-09-08,飲食費,スタバ,1017
2022-09-08,飲食費,水2lアマゾン,1138
2022-09-09,飲食費,スタバ,390
2022-09-10,飲食費,スタバ,390
2022-09-10,飲食費,水,347
2022-09-10,住宅,固定資産税,53000
2022-09-10,その他,ウォーターサーバー,880
2022-09-11,飲食費,スタバ,1041
2022-09-11,飲食費,水2l Amazon,1138
2022-09-12,飲食費,スタバ,484
2022-09-12,借金,ペイディー,7095
2022-09-13,自己投資,機械学習講座,8000
2022-09-13,飲食費,しんぱち食堂,4466
2022-09-13,飲食費,エクセシオール,562
2022-09-13,飲食費,水とクリーム玄米ブラン,272
2022-09-14,その他,菜々子6ヶ月記念日,5313
2022-09-14,飲食費,エプロント,770
2022-09-14,飲食費,こめらくチャイ,3223
2022-09-14,飲食費,水,120
2022-09-14,飲食費,スーパー6ヶ月記念日料理,3229
2022-09-15,その他,6ヶ月記念日手紙,473
2022-09-15,その他,生活の木 キンモクセイ匂い,3270
2022-09-15,その他,LINE漫画,250
2022-09-16,住宅,住宅ローン,227044
2022-09-16,飲食費,コンビニ飯,1800
2022-09-16,その他,印鑑証明書,300
2022-09-16,その他,au未納料金,70504
2022-09-16,飲食費,スタバ,852
2022-09-17,飲食費,大戸屋,3490
2022-09-17,飲食費,スタバ,500
2022-09-18,飲食費,こめらく,1738
2022-09-18,飲食費,スタバ,956
2022-09-18,飲食費,ラテグラフィック,1386
2022-09-19,飲食費,しゃぶ葉,7096
2022-09-19,飲食費,スタバ,1717
2022-09-19,自己投資,書籍 独学大全,1952
2022-09-19,飲食費,スタバ,1307
2022-09-20,その他,漫画,980
2022-09-20,飲食費,スタバ,1280
2022-09-20,自己投資,pycharm,1133
2022-09-20,自己投資,スタサプ,3278
2022-09-21,飲食費,コンビニ飯,330
2022-09-22,その他,傷パワーパッド,836
2022-09-22,飲食費,水,120
2022-09-22,飲食費,スタバ,1306
2022-09-23,飲食費,スタバ,1010
2022-09-24,自己投資,書籍,6600
2022-09-24,その他,LINE漫画,10000
2022-09-24,その他,Y-3Tシャツ,9504
2022-09-24,飲食費,スタバ,1065
2022-09-24,飲食費,ラテグラ,1078
2022-09-24,飲食費,水,112
2022-09-25,その他,RIZINペーパービュー,6600
2022-09-25,飲食費,すき焼きパーティ,12386
2022-09-25,飲食費,水2l Amazon,1121
2022-09-26,飲食費,スタバ,555
2022-09-26,飲食費,水,210
2022-09-26,水道光熱費,水道料金,3371
2022-09-26,通信費,スマホ代8月分,15242
2022-09-27,自己投資,ルネサンス会費菜々子と自分の分,4400
2022-09-27,飲食費,水,219
2022-09-27,その他,チャイトイック合格,1000
2022-09-27,その他,リアンリッチ会社にマイナス分,100982
2022-09-27,飲食費,スタバ,555
2022-09-27,飲食費,水,115
2022-09-27,水道光熱費,au電気,14834
2022-09-27,その他,モモ アイペット保険,7780
2022-09-27,借金,奨学金,8100
2022-09-28,その他,銭湯たつき,2980
2022-09-28,飲食費,スタバ,1771
2022-09-28,飲食費,スタバ,390
2022-09-28,飲食費,焼き鳥鳥さんわ,1692
2022-09-28,住宅,管理費,59070
2022-09-29,飲食費,水,240
2022-09-29,飲食費,,555
2022-09-30,飲食費,水,112
2022-09-30,飲食費,しんぱち食堂,4180
2022-09-30,水道光熱費,9月ガス料金,4020
2022-09-30,飲食費,スタバ,500
2022-09-30,飲食費,ヨーグレット,127
2022-09-30,飲食費,水,228
2022-10-01,自己投資,ボールペン,440
2022-10-01,飲食費,スタバ,1563
2022-10-02,飲食費,コンビニ飯,491
2022-10-03,飲食費,スタバ,500
2022-10-03,飲食費,中華,4138
2022-10-04,飲食費,スタバ,500
2022-10-05,飲食費,スタバ,1678
2022-10-06,飲食費,マナズグリーンティー,1650
2022-10-06,飲食費,バンビジェ,3146
2022-10-06,飲食費,スタバ,1425
2022-10-07,飲食費,スタバ,1340
2022-10-08,飲食費,スタバ,390
2022-10-09,飲食費,水,110
2022-10-09,飲食費,スタバ,965
2022-10-09,その他,漫画LINE,5480
2022-10-09,その他,スーツ,67556
2022-10-10,飲食費,水,240
2022-10-10,飲食費,スタバ,640
2022-10-11,自己投資,菜々子MacBookair,134800
2022-10-11,自己投資,ノート,693
2022-10-11,飲食費,スタバ,640
2022-10-12,自己投資,書籍 スティーブ・ジョブズ,1738
2022-10-12,飲食費,スタバ,640
2022-10-12,借金,ペイディー,7095
2022-10-13,その他,定規、便箋、ご祝儀袋,1424
2022-10-13,飲食費,スタバ,390
2022-10-13,その他,鍋,7055
2022-10-13,その他,美容院,22350
2022-10-13,その他,ヘアワックス,2200
2022-10-14,飲食費,スタバ,390
2022-10-14,その他,ご祝儀袋よしの結婚式,100000
2022-10-16,飲食費,スタバ,1046
2022-10-18,その他,万葉の湯,28750
2022-10-18,飲食費,こめらく,3278
2022-10-18,自己投資,しょせき,1139
2022-10-19,自己投資,トイック12/18受験料,7810
2022-10-19,飲食費,アイスココアスタバ,475
2022-10-19,飲食費,スタバ,1017
2022-10-20,住宅,住宅ローン,227607
2022-10-20,自己投資,英文法書籍,1672
2022-10-20,自己投資,すたサプ教材,6497
2022-10-20,自己投資,書籍,1306
2022-10-20,飲食費,スタバ,530
2022-10-20,飲食費,すき家,350
2022-10-21,その他,菜々子,100000
2022-10-21,飲食費,スタバ,1127
2022-10-22,飲食費,スタバ,1235
2022-10-22,飲食費,すき家,840
2022-10-23,自己投資,スタバ,1151
2022-10-23,飲食費,すき家,350
2022-10-24,飲食費,スタバ,1106
2022-10-25,飲食費,コンビニ飯,890
2022-10-25,飲食費,エクセシオール,438
2022-10-25,飲食費,エクセシオール,1150
2022-10-25,飲食費,すき家,2340
2022-10-26,その他,AP,400000
2022-10-26,その他,コンドーム,1064
2022-10-26,飲食費,スタバ,1500
2022-10-26,通信費,スマホ,29087
2022-10-27,その他,モモアイペット損保,3890
2022-10-28,飲食費,スタバ,531
2022-10-28,飲食費,うまいもん寿司,4880
2022-10-29,飲食費,スタバ,1329
2022-10-30,飲食費,大山食事,5200
2022-11-01,飲食費,cafe 44,5060
2022-11-02,飲食費,スタバ,1345
2022-11-03,飲食費,スタバ,855
2022-11-04,飲食費,ラテグラ,6290
2022-11-05,飲食費,クレープ,1120
2022-11-05,飲食費,スタバ,800
2022-11-06,旅費交通費,コメダ,100
2022-11-06,その他,RIZINppuv,5496
2022-11-07,飲食費,しんぱち食堂,1617
2022-11-07,飲食費,スタバ,500
2022-11-07,飲食費,ラテグラ,2772
2022-11-07,飲食費,エクセシオール,917
2022-11-08,自己投資,インスタ研究室,3278
2022-11-09,飲食費,コメダ,270
2022-11-09,飲食費,すき家,880
2022-11-10,飲食費,スーパー,1212
2022-11-10,飲食費,スタバ,500
2022-11-10,飲食費,コメダ,270
2022-11-11,飲食費,大戸屋,4070
2022-11-11,飲食費,コメダ,270
2022-11-11,飲食費,スタバ,500
2022-11-12,飲食費,水,233
2022-11-12,飲食費,しゃぶ葉,3518
2022-11-12,その他,馬場さん大会,8000
2022-11-13,飲食費,ラテグラ,1166
2022-11-13,飲食費,コメダ,100
2022-11-14,水道光熱費,ガス代10月分,4027
2022-11-14,飲食費,パーティ,8590
2022-11-14,飲食費,すき家,850
2022-11-14,飲食費,コメダ,240
2022-11-14,借金,ペイディー,7095
2022-11-15,飲食費,水,116
2022-11-15,その他,YouTubeミュージック,980
2022-11-15,飲食費,スタバ,390
2022-11-16,飲食費,ラテグラ,3564
2022-11-16,飲食費,スタバ,1360
2022-11-16,住宅,住宅ローン,227108
2022-11-16,借金,会社借金,13065
2022-11-17,飲食費,松屋,770
2022-11-17,飲食費,スタバ,1014
2022-11-18,飲食費,マック,350
2022-11-19,飲食費,スタバ,305
2022-11-19,飲食費,コメダ,100
2022-11-19,飲食費,コメダチケット,2800
2022-11-19,自己投資,DSスクール,2195
2022-11-19,飲食費,スタバ,390
2022-11-20,飲食費,コンビニ,450
2022-11-20,その他,LINE漫画,1500
2022-11-20,自己投資,ジェットブレイン,1307
2022-11-20,飲食費,ラテグラ,4345
2022-11-21,飲食費,すき家,850
2022-11-21,飲食費,スタバ,390
2022-11-22,飲食費,エクセシオールカフェ,438
2022-11-22,飲食費,コンビニ飯,572
2022-11-22,飲食費,スタバ,709
2022-11-24,飲食費,ドトール,825
2022-11-24,飲食費,スタバ,700
2022-11-25,飲食費,エクセシオール,438
2022-11-25,飲食費,すき家,2190
2022-11-25,飲食費,スタバ,709
2022-11-26,その他,LINE漫画,1300
2022-11-26,飲食費,スタバ,390
2022-11-26,飲食費,ドトール,825
2022-11-26,その他,漫画,528
2022-11-26,旅費交通費,コメダ,270
2022-11-27,飲食費,コメダ,100
2022-11-27,飲食費,ラテグラ,3465
2022-11-28,飲食費,エクセシオールカフェ,438
2022-11-28,飲食費,コンビニ飯,522
2022-11-28,通信費,スマホ,23394
2022-11-28,その他,モモ保険,3890
2022-11-28,住宅,管理費10月11月分,118140
2022-11-28,水道光熱費,電気代,6310
2022-11-28,水道光熱費,水道代,3611
2022-11-28,借金,奨学金,16200
2022-11-28,飲食費,スタバ,709
2022-11-29,その他,切手,84
2022-11-29,飲食費,コメダ,270
2022-11-30,飲食費,44アパートメント,1600
2022-11-30,飲食費,大戸屋,3410
2022-11-30,飲食費,コメダ,620
2022-12-01,自己投資,イーロンマスク書籍,367
2022-12-01,飲食費,コンビニ飯,781
2022-12-01,水道光熱費,ガス料金11月,7936
2022-12-01,飲食費,スタバ,390
2022-12-02,飲食費,アイスカフェラテ,438
2022-12-02,飲食費,しんぱち食堂,1551
2022-12-02,その他,LINE漫画,1000
2022-12-02,飲食費,スタバ,390
2022-12-02,飲食費,しゅうまい弁当,900
2022-12-02,飲食費,水,130
2022-12-02,その他,ユニバ菜々子誕生日,11800
2022-12-02,その他,ホテル,45003
2022-12-03,旅費交通費,センター南駐車場,1000
2022-12-03,飲食費,吉野家,1979
2022-12-04,飲食費,コメダ,1240
2022-12-04,飲食費,水,120
2022-12-05,飲食費,大戸屋,1430
2022-12-05,飲食費,コメダ,620
2022-12-06,飲食費,DOUTOR,1355
2022-12-06,飲食費,スタバ,641
2022-12-06,飲食費,水,120
2022-12-07,飲食費,キープウィルcafe,3000
2022-12-08,飲食費,スタバ,531
2022-12-08,飲食費,大戸屋,1520
2022-12-08,飲食費,コメダ,520
2022-12-08,飲食費,飯,330
2022-12-08,自己投資,インスタ研究室,3278
2022-12-09,飲食費,ざんまい,6490
2022-12-09,飲食費,タピオカ,900
2022-12-09,飲食費,ばーがーきんぐ,1103
2022-12-09,飲食費,キーズカフェ,520
2022-12-10,飲食費,エクセシオールcafe,693
2022-12-10,飲食費,コンビニ飯,479
2022-12-10,飲食費,スタバ,709
2022-12-11,飲食費,コンビニ飯,509
2022-12-12,飲食費,コメダ,520
2022-12-13,飲食費,フレンチトースト,550
2022-12-13,飲食費,ラテグラ,2772
2022-12-14,飲食費,水,110
2022-12-14,自己投資,ノート,1155
2022-12-14,飲食費,スタバ,390
2022-12-15,その他,ユニバ,5400
2022-12-15,飲食費,京樽,1440
2022-12-15,その他,新幹線,28380
2022-12-15,その他,手紙,495
2022-12-15,飲食費,スタバ,781
2022-12-15,飲食費,しゃぶしゃぶ,13728
2022-12-16,飲食費,スタバ,85
2022-12-16,その他,あげもた,600
2022-12-16,飲食費,ニッキ,250
2022-12-16,その他,taxi,1000
2022-12-16,飲食費,焼肉矢澤,16900
2022-12-17,飲食費,タルト,1336
2022-12-17,その他,ケーキ,985
2022-12-17,飲食費,八つ橋,616
2022-12-17,その他,京都お土産,7251
2022-12-17,その他,宝くじ17枚年末ジャンボ,5100
2022-12-17,飲食費,寿司,4600
2022-12-18,飲食費,コンビニ,587
2022-12-18,飲食費,カツオcafe,3100
2022-12-18,飲食費,水,116
2022-12-19,自己投資,DSスクール,2155
2022-12-19,飲食費,すき家,850
2022-12-19,住宅,住宅ローン,227170
2022-12-20,その他,印鑑証明書&住民票,600
2022-12-20,旅費交通費,海老名→町田→海老名,440
2022-12-20,飲食費,ケバブ,1400
2022-12-20,その他,収入印紙代,60000
2022-12-20,その他,LINE漫画,650
2022-12-20,自己投資,ジェットブレイン,1307
2022-12-21,飲食費,クレープ,1020
2022-12-22,飲食費,駅の購買,390
2022-12-22,その他,固定資産税,106000
2022-12-23,飲食費,スパけディ,2156
2022-12-23,飲食費,こめらく,3267
2022-12-23,飲食費,スタバ,1050
2022-12-24,旅費交通費,高速道路,640
2022-12-24,飲食費,エクセシオールカフェ,1160
2022-12-24,その他,万葉の湯,66945
2022-12-24,旅費交通費,駐車場,800
2022-12-24,自己投資,Apple商品,497280
2022-12-25,その他,ゴルフウェア,7950
2022-12-26,その他,LINE漫画,1000
2022-12-26,飲食費,コンビニ飯,523
2022-12-26,その他,三島カントリークラブ,10515
2022-12-26,飲食費,コンビニ飯,788
2022-12-26,通信費,ソフトバンク11月分,11970
2022-12-27,その他,ゴルフ諸々,60000
2022-12-27,その他,沼津国際カントリークラブ,11630
2022-12-27,その他,モモの保険,3890
2022-12-27,借金,奨学金,8100
2022-12-27,住宅,管理費,59070
2022-12-27,水道光熱費,電気代,6393
2022-12-28,飲食費,カラオケ,5600
2022-12-28,飲食費,台湾牛肉,980
2022-12-28,飲食費,チキンカレー,980
2022-12-28,旅費交通費,海老名→町田→海老名,440
2022-12-29,水道光熱費,ガス12月分,16891
2022-12-29,借金,ペイディー,56760
2022-12-29,その他,カラオケ,5000
2022-12-29,その他,LINE漫画,10000
2022-12-29,飲食費,コメダ,1400
2022-12-29,自己投資,MacBookアクセサリー,25600
2022-12-29,自己投資,MacBook Pro16インチ,586600
2022-12-30,飲食費,エクセシオールカフェ,450
2022-12-30,飲食費,コンビニ飯,646
2022-12-30,旅費交通費,海老名→センター南→東山田,862
2022-12-30,旅費交通費,センター南→海老名,600
2022-12-31,その他,ピザーラ,9090
2023-01-02,娯楽,ゴルフ用品,113000
2023-01-02,自己投資,スタバ,766
2023-01-03,飲食費,コンビニ,707
2023-01-03,旅費交通費,伊勢原→海老名,220
2023-01-04,娯楽,ゴルフ用品,294335
2023-01-04,飲食費,天ぷらたかお,3720
2023-01-04,自己投資,コメダ珈琲,520
2023-01-04,娯楽,ゴルフ打ちっぱなし,4500
2023-01-05,飲食費,コンビニ,563
2023-01-05,飲食費,水,116
2023-01-05,自己投資,エクセシオールカフェ,450
2023-01-05,飲食費,男梅,135
2023-01-06,飲食費,コンビニ飯,1280
2023-01-06,飲食費,水,130
2023-01-06,自己投資,コメダ,620
2023-01-07,飲食費,水,130
2023-01-07,自己投資,コメダ,2560
2023-01-07,自己投資,トイック試験,7810
2023-01-08,飲食費,水,279
2023-01-08,娯楽,ゴルフ打ちっぱなし,5000
2023-01-08,飲食費,しゃぶ葉,3738
2023-01-09,娯楽,手揉みマッサージ,6900
2023-01-09,自己投資,コメダ珈琲,620
2023-01-09,娯楽,ゴルフコース,12241
2023-01-09,飲食費,シュークリーム,1188
2023-01-10,飲食費,伊勢神宮 飯,3000
2023-01-10,飲食費,伊勢神宮 飯,4000
2023-01-10,自己投資,伊勢神宮 角祓,1500
2023-01-10,自己投資,御守り 伊勢神宮,2000
2023-01-10,自己投資,伊勢神宮ご祈祷,10000
2023-01-11,娯楽,ゴルフ,5000
2023-01-11,飲食費,ことしろ,3800
2023-01-11,飲食費,水,237
2023-01-11,飲食費,水,140
2023-01-11,自己投資,コメダ,620
2023-01-12,自己投資,コメダ珈琲,1240
2023-01-12,自己投資,エクセシオール,450
2023-01-12,娯楽,LINE漫画,320
2023-01-12,飲食費,すき家,590
2023-01-13,娯楽,LINE漫画,1650
2023-01-13,自己投資,親知らず赤田歯科,2350
2023-01-13,飲食費,cafe KATSUO,3586
2023-01-13,自己投資,キーズカフェ,360
2023-01-13,生活,歯ブラシ,166
2023-01-13,旅費交通費,海老名→町田→海老名,440
2023-01-14,自己投資,コメダ,1200
2023-01-14,生活,マスクピッタ,4450
2023-01-14,飲食費,銚子丸,11495
2023-01-14,自己投資,ラテグラ,1078
2023-01-14,旅費交通費,海老名→町田→海老名,440
2023-01-14,自己投資,歯医者赤田歯科,3690
2023-01-15,飲食費,水,260
2023-01-16,住宅,住宅ローン,227170
2023-01-16,自己投資,コメダ珈琲,2630
2023-01-17,飲食費,水,130
2023-01-17,自己投資,スタバ,390
2023-01-17,飲食費,大戸屋,3430
2023-01-17,自己投資,コメダ珈琲,620
2023-01-18,自己投資,コメダ珈琲,1340
2023-01-18,飲食費,水,116
2023-01-19,飲食費,水,220
2023-01-19,生活,眉毛プラスエイト,13200
2023-01-19,飲食費,梅,260
2023-01-19,旅費交通費,海老名→横浜→海老名,660
2023-01-19,飲食費,大戸屋,1840
2023-01-19,自己投資,スタバ,390
2023-01-20,娯楽,ゴルフ,5000
2023-01-20,自己投資,タリーズ,535
2023-01-20,その他,寿司だ負けた,2000
2023-01-20,自己投資,キーズカフェ,400
2023-01-20,自己投資,コメダ珈琲,1620
2023-01-20,娯楽,ライン漫画,650
2023-01-20,娯楽,ライン漫画,160
2023-01-21,飲食費,コンビニ飯,2056
2023-01-21,飲食費,ベンガル,20440
2023-01-21,娯楽,キングダム漫画,32450
2023-01-21,娯楽,ゴルフ,24872
2023-01-21,旅費交通費,海老名→伊勢原→海老名東名高速,940
2023-01-21,旅費交通費,海老名パーキング,400
2023-01-22,自己投資,コメダ珈琲,620
2023-01-22,その他,会長誕生日代,36976
2023-01-22,飲食費,大戸屋,1440
2023-01-23,飲食費,水,214
2023-01-23,自己投資,コメダ,1560
2023-01-23,旅費交通費,高速道路,900
2023-01-23,旅費交通費,パーキング,800
2023-01-23,自己投資,おかげ庵,2150
2023-01-24,飲食費,水,214
2023-01-24,旅費交通費,チャリ代,220
2023-01-24,自己投資,コメダ珈琲,1560
2023-01-25,生活,,490
2023-01-25,その他,菜々子保険,33000
2023-01-25,旅費交通費,海老名→町田→海老名,440
2023-01-25,自己投資,歯医者,320
2023-01-25,自己投資,キーズカフェ,360
2023-01-25,その他,iPhone14 PROMAX,209800
2023-01-26,生活,水,214
2023-01-26,その他,iPhoneガラス,4576
2023-01-26,通信費,12月ケータイ代,13388
2023-01-26,自己投資,コメダ珈琲,1240
2023-01-26,水道光熱費,水道費,3132
2023-01-27,娯楽,映画アバター,3800
2023-01-27,その他,手揉みマッサージ,6700
2023-01-27,自己投資,コメダ,620
2023-01-27,飲食費,ことしろ,2090
2023-01-27,水道光熱費,電気代,7509
2023-01-27,住宅,管理費,59070
2023-01-27,借金,奨学金返済,510300
2023-01-28,生活,化粧水導入液、歯ブラシ、水,1932
2023-01-28,自己投資,コメダ珈琲,1240
2023-01-28,その他,Apple スタンド,20800
2023-01-28,飲食費,ことしろ,2190
2023-01-28,その他,マリアテラス会長誕生日,24060
2023-01-29,飲食費,水,116
2023-01-29,飲食費,映画ポップコーン,1460
2023-01-29,飲食費,ことしろ,2090
2023-01-29,自己投資,コメダ,620
2023-01-30,飲食費,水,116
2023-01-30,自己投資,歯医者,1760
2023-01-30,自己投資,キーズカフェ,360
2023-01-30,旅費交通費,海老名→町田,220
2023-01-30,自己投資,コメダ珈琲,620
2023-01-31,自己投資,コメダ珈琲,620
2023-02-01,飲食費,水,116
2023-02-01,旅費交通費,駐輪代,220
2023-02-01,飲食費,こめらく,3157
2023-02-01,自己投資,コメダ珈琲,1760
2023-02-01,自己投資,Dr.stretch,44000
2023-02-02,飲食費,水,116
2023-02-02,自己投資,コメダ珈琲,1240
2023-02-02,娯楽,ゲーム,400
2023-02-02,飲食費,ことしろ,2190
2023-02-02,その他,菜々子美容院FX約束破り,15000
2023-02-03,飲食費,水,116
2023-02-03,自己投資,コメダ珈琲,620
2023-02-03,飲食費,ことしろ,2090
2023-02-04,その他,アイフォンカバーカメラ,1518
2023-02-04,娯楽,LINE漫画,160
2023-02-04,自己投資,コメダ珈琲,620
2023-02-06,自己投資,コメダ珈琲,620
2023-02-07,飲食費,苺大福、水,450
2023-02-07,旅費交通費,町田→東山田,440
2023-02-07,自己投資,キーズカフェ,400
2023-02-07,自己投資,ラテグラフィック,1080
2023-02-08,自己投資,コメダ珈琲,620
2023-02-08,飲食費,大戸屋,2070
2023-02-09,自己投資,コメダ珈琲,1160
2023-02-09,飲食費,大戸屋,2950
2023-02-10,飲食費,ジンギスカン 秦野,6468
2023-02-10,自己投資,スタバ,674
2023-02-10,旅費交通費,海老名→本厚木→鶴巻温泉,350
2023-02-10,飲食費,焼肉ライク,2930
2023-02-10,自己投資,コメダ珈琲,620
2023-02-11,飲食費,荻野 大戸屋,3810
2023-02-11,旅費交通費,海老名→伊勢原→海老名,440
2023-02-11,自己投資,コメダ,620
2023-02-12,飲食費,水,116
2023-02-12,自己投資,コメダ珈琲,620
2023-02-12,飲食費,ことしろ,3720
2023-02-13,飲食費,オリーブオイル,862
2023-02-13,自己投資,コメダチケット,5600
2023-02-13,自己投資,MacBook pro16インチ,631600
2023-02-13,その他,マンション風呂の蓋,33062
2023-02-14,飲食費,ラーメン withうとー君、たつき,4230
2023-02-14,自己投資,エクセシオールカフェ,450
2023-02-14,自己投資,コメダ珈琲,100
2023-02-14,その他,アイフォン置き台,1007
2023-02-14,娯楽,⛳️打ちっぱなし,5500
2023-02-15,旅費交通費,センター南→海老名,618
2023-02-15,飲食費,しんぱち食堂,3036
2023-02-15,旅費交通費,みなとみらい→センター南,487
2023-02-15,その他,フローリング補修,39600
2023-02-15,飲食費,コンビニ飯,556
2023-02-15,娯楽,万葉の湯,21710
2023-02-16,飲食費,水,232
2023-02-16,旅費交通費,チャリ,220
2023-02-16,住宅,アルビ住宅ローン,226983
2023-02-16,飲食費,ことしろ,3620
2023-02-18,自己投資,コメダ珈琲,720
2023-02-18,娯楽,ゴルフ,19200
2023-02-18,飲食費,水,116
2023-02-19,飲食費,BAKE,690
2023-02-19,自己投資,コメダ珈琲,1340
2023-02-19,飲食費,すき家,800
2023-02-19,自己投資,DS,2111
2023-02-20,旅費交通費,町田→東山田,340
2023-02-20,自己投資,赤田歯科（根幹治療3/4）,710
2023-02-20,旅費交通費,海老名→町田,220
2023-02-20,自己投資,ラテグラ,3179
2023-02-20,自己投資,ジェットブレイン,1045
2023-02-21,自己投資,ジム,8800
2023-02-21,飲食費,水,116
2023-02-21,飲食費,ことしろ,3740
2023-02-22,飲食費,ピザーラ,8760
2023-02-22,飲食費,ことしろ,5810
2023-02-22,その他,住民票、印鑑証明書,600
2023-02-22,自己投資,コメダ珈琲,170
2023-02-22,その他,新居引越し代,490000
2023-02-23,自己投資,コメダ珈琲,720
2023-02-23,飲食費,すき家,850
2023-02-23,娯楽,コメダ珈琲,3000
2023-02-23,娯楽,大富豪,1600
2023-02-23,娯楽,トランプ,500
2023-02-24,飲食費,梅、チョコ,660
2023-02-24,自己投資,コメダ珈琲,170
2023-02-24,自己投資,PYQ,3040
2023-02-25,自己投資,コメダ珈琲,1100
2023-02-26,娯楽,てもみ 海老名店マッサージ,7250
2023-02-26,飲食費,大戸屋,4150
2023-02-26,自己投資,ラテグラ,1078
2023-02-26,飲食費,コンビニ,455
2023-02-27,飲食費,すき家,850
2023-02-27,住宅,管理費,65070
2023-02-27,水道光熱費,電気代,6079
2023-02-27,その他,アイペット損保,7780
2023-02-28,その他,お風呂の蓋,33062
2023-03-01,飲食費,ことしろ,9460
2023-03-01,自己投資,Udemy 機械学習,10110
2023-03-01,自己投資,エクセシオールカフェ,960
2023-03-01,住宅,抵当権抹消費用,40140
2023-03-02,飲食費,矢場とん,3780
2023-03-02,その他,ホテル洗濯,500
2023-03-02,娯楽,アパホテル名古屋,12240
2023-03-02,旅費交通費,新横浜→名古屋 新幹線一般,10430
2023-03-02,飲食費,崎陽軒,2060
2023-03-02,飲食費,京樽,1060
2023-03-02,その他,ホテルリブマックス新横浜,7500
2023-03-03,飲食費,焼き鳥,10000
2023-03-03,その他,安心お宿カプセルホテル,12600
2023-03-03,飲食費,利久,2000
2023-03-03,飲食費,アルフォート水,235
2023-03-04,旅費交通費,伊勢原→都築高速道路,3100
2023-03-04,旅費交通費,伊勢taxi往復,4200
2023-03-04,旅費交通費,新幹線 名古屋→新横浜グリーン,14090
2023-03-04,旅費交通費,近鉄名古屋→宇治山田,5620
2023-03-04,飲食費,お土産,250
2023-03-04,飲食費,赤福お土産,4644
2023-03-04,飲食費,カキフライ、牡蠣ご飯,1650
2023-03-04,飲食費,スタバ,766
2023-03-04,その他,レンタカー引っ越し延長料金,10400
2023-03-05,自己投資,ROKUサウナ,7150
2023-03-05,自己投資,エクセシオールカフェ,1520
2023-03-05,その他,ニトリ生活備品,11396
2023-03-05,その他,家具,11123
2023-03-05,旅費交通費,淵野辺駅→仲町台,646
2023-03-05,飲食費,大戸屋,1840
2023-03-05,その他,引っ越し家電 バーミキュラ炊飯器,65455
2023-03-05,その他,引っ越し家電 バルミューダ一色,87200
2023-03-05,生活,ホワイトムスク ルームフレグランス、ボディミスト,2794
2023-03-05,自己投資,DOUTOR cafe,450
2023-03-05,旅費交通費,仲町台→淵野辺,646
2023-03-05,旅費交通費,センター南→仲町台,220
2023-03-06,旅費交通費,ガソリン代,3000
2023-03-06,自己投資,コメダ珈琲,500
2023-03-06,自己投資,赤田歯科根幹治療4/4,1800
2023-03-06,飲食費,fresco,6090
2023-03-06,旅費交通費,仲町台→センター南,220
2023-03-06,飲食費,コンビニ飯,701
2023-03-07,自己投資,スタバ,390
2023-03-07,その他,カナでものインテリア,98200
2023-03-07,自己投資,エクセシオールcafe,450
2023-03-08,自己投資,タリーズカフェ,555
2023-03-08,自己投資,エクセシオールcafe,450
2023-03-08,自己投資,サウナ,12430
2023-03-08,生活,シューズ匂い消し,2200
2023-03-08,生活,スニーカークリーナー,3790
2023-03-08,旅費交通費,センター南→仲町台,220
2023-03-09,飲食費,辰巳飯店,5720
2023-03-09,飲食費,コンビニ飯,360
2023-03-09,自己投資,エクセシオール,760
2023-03-09,自己投資,スタバ,709
2023-03-09,飲食費,コンビニ飯,238
2023-03-09,旅費交通費,仲町台→センター南駅,220
2023-03-10,飲食費,団子,532
2023-03-10,飲食費,水、レッドブル,395
2023-03-10,飲食費,自由亭,2000
2023-03-10,自己投資,スタバ,390
2023-03-10,旅費交通費,仲町台→センター南,220
2023-03-11,通信費,スマホ代1月分,29075
2023-03-11,自己投資,コワーキングスペース,21018
2023-03-11,自己投資,コワーキングスペース,2700
2023-03-11,飲食費,寿司,7189
2023-03-11,旅費交通費,仲町台→センター南,220
2023-03-12,自己投資,サウナ,7150
2023-03-12,その他,リメイクシート天井ブラック,2199
2023-03-13,自己投資,スタバ,710
2023-03-13,その他,レンタカー,6490
2023-03-13,自己投資,歯医者根幹治療 ラストスパート,2000
2023-03-13,生活,傘,1320
2023-03-14,その他,家具,16720
2023-03-14,生活,ニトリ,5570
2023-03-14,生活,ホワイトムスクシャンプー、ボディーソープ,2256
2023-03-14,その他,ブラインド、本棚,25880
2023-03-14,その他,家具照明kanademono,33440
2023-03-15,自己投資,エクセシオールカフェ,760
2023-03-15,その他,確定申告,36300
2023-03-15,飲食費,コンビニ飯のど飴、アルフォート,387
2023-03-16,自己投資,エクセシオールカフェ,450
2023-03-16,自己投資,ノート,440
2023-03-16,生活,ティッシュ、のど飴,581
2023-03-16,自己投資,エクセシオール,760
2023-03-17,その他,観葉植物,17900
2023-03-17,その他,リメイクシート天井,7198
2023-03-17,その他,kanademonoチェア、照明、棚,78800
2023-03-17,自己投資,エクセシオールcafe,760
2023-03-17,飲食費,しんぱち食堂,1980
2023-03-17,その他,絵画,6400
2023-03-18,水道光熱費,ガス代海老名2月,14466
2023-03-18,自己投資,AirPods Max,46300
2023-03-18,自己投資,エクセシオールcafe,430
2023-03-18,飲食費,天ぷらたかお,1600
2023-03-18,その他,AirPods Max置き,7387
2023-03-18,自己投資,スタバ,790
2023-03-19,自己投資,DS-hub,2090
2023-03-20,飲食費,松屋,780
2023-03-20,自己投資,エクセシオール,760
2023-03-20,飲食費,昼食 コンビニ,653
2023-03-20,自己投資,notion年間払い,12424
2023-03-20,自己投資,ジェットブレイン,1045
2023-03-22,自己投資,エクセシオール,450
2023-03-22,その他,足脱毛,31800
2023-03-23,自己投資,エクセシオール,710
2023-03-24,飲食費,コンビニ おにぎり,449
2023-03-24,自己投資,エクセシオール,710
2023-03-24,自己投資,PyQ,3040
2023-03-25,自己投資,シェアラウンジ,3850
2023-03-25,自己投資,シェアラウンジ,15400
2023-03-25,飲食費,コメラク,3267
2023-03-25,その他,荻野サウナ,3500
2023-03-25,旅費交通費,仲町台→新横浜,636
2023-03-26,旅費交通費,電車 センター南→仲町台→センター南,420
2023-03-27,自己投資,エクセ,860
2023-03-27,その他,ゴム,3870
2023-03-27,飲食費,しんぱち,3366
2023-03-27,その他,モモ保険,4310
2023-03-27,通信費,スマホ代2月分,13889
2023-03-27,水道光熱費,電気代海老名,4765
2023-03-27,水道光熱費,水道料金海老名,4331
2023-03-28,自己投資,骨盤矯正,3000
2023-03-28,自己投資,会社設立印鑑費用,33320
2023-03-28,飲食費,コンビニ飯,348
2023-03-28,娯楽,ゴルフ,7194
2023-03-28,飲食費,コンビニ飯,218
2023-03-29,飲食費,紫禁城,4587
2023-03-29,飲食費,こめらく,3157
2023-03-29,旅費交通費,大和→海老名,209
2023-03-29,旅費交通費,仲町台→町田,450
2023-03-29,自己投資,赤田歯科,180
2023-03-29,その他,R4年度個人所得税,1307600
2023-03-30,飲食費,エクセシオール,830
2023-03-30,飲食費,ジンギスカン,6105
2023-03-31,娯楽,RIZIN41,5000
2023-03-31,自己投資,スタバ,390
2023-03-31,飲食費,コンビニ飯,354
2023-07-01,飲食費,コンビニ,4
2023-07-01,自己投資,コメダ,0
2023-07-01,旅費交通費,仲町台→センター北→仲町台,84
2023-07-02,飲食費,銀の皿,681
2023-07-02,自己投資,コメダ珈琲,0
2023-07-02,その他,Google playジャパン,80
2023-07-02,自己投資,G検定,480
2023-07-02,自己投資,G検定アプリ,200
2023-07-02,旅費交通費,仲町台→センター北,42
2023-07-03,飲食費,蒟蒻畑,21
2023-07-03,飲食費,コンビニ、シャトレーゼ,9
2023-07-03,旅費交通費,仲町台→センター南→仲町台,84
2023-07-03,その他,令和5年度住民税1期,28300
2023-07-03,自己投資,スタバ,130
2023-07-03,自己投資,統計検定4級,150
2023-07-04,自己投資,3DCG Udemy,600
2023-07-04,自己投資,コメダ珈琲,0
2023-07-04,娯楽,漫画ONE PIECE106巻,28
2023-07-04,飲食費,スーパー,59
2023-07-05,自己投資,PYQ,40
2023-07-05,娯楽,MacBookカバー,70
2023-07-05,自己投資,コメダ珈琲,0
2023-07-05,飲食費,スーパー,307
2023-07-06,飲食費,コンビニ,32
2023-07-06,飲食費,スーパー,24
2023-07-06,自己投資,コメダ珈琲,30
2023-07-07,飲食費,スーパー,146
2023-07-08,自己投資,チャットGPT,974
2023-07-08,旅費交通費,仲町台→あざみの→おかげ庵→仲町台,94
2023-07-08,飲食費,おかげ庵,100
2023-07-09,旅費交通費,仲町台→センター北,42
2023-07-09,自己投資,コメダチケット,300
2023-07-09,飲食費,スーパー,22
2023-07-10,自己投資,コメダ珈琲,0
2023-07-10,その他,固定資産税海老名,4500
2023-07-11,自己投資,エクセ,90
2023-07-11,飲食費,コンビニ,0
2023-07-11,自己投資,コメダ珈琲,0
2023-07-12,旅費交通費,仲町台→センター北,42
2023-07-12,飲食費,スーパー,27
2023-07-12,自己投資,コメダ,0
2023-07-12,飲食費,鎌倉パスタ,200
2023-07-12,自己投資,エクセ,60
2023-07-13,旅費交通費,仲町台→センター北,42
2023-07-13,自己投資,コメダ,0
2023-07-13,飲食費,干し芋,59
2023-07-13,旅費交通費,センター南→仲町台,42
2023-07-13,娯楽,ブラック服,3770
2023-07-14,旅費交通費,仲町台→あざみ野→仲町台,84
2023-07-15,飲食費,とろろなんちゃら,0
2023-07-15,旅費交通費,仲町台→二子玉川→仲町台,38
2023-07-15,自己投資,スタバ,606
2023-07-15,飲食費,うめのり,49
2023-07-16,飲食費,会長宅パーティ,748
2023-07-16,飲食費,コメダ珈琲,280
2023-07-17,飲食費,スーパー,59
2023-07-18,旅費交通費,仲町台→センター北,42
2023-07-18,自己投資,コメダ,30
2023-07-18,飲食費,スーパー,46
2023-07-19,飲食費,スーパー,29
2023-07-19,自己投資,キーズカフェ,0
2023-07-19,自己投資,赤田歯科,750
2023-07-20,自己投資,コメダ珈琲,0
2023-07-20,飲食費,コンビニ,270
2023-07-21,自己投資,ホリエモン書籍,941
2023-07-21,飲食費,コンビニ,76
2023-07-21,娯楽,LINE漫画,0
2023-07-21,自己投資,コメダ珈琲,0
2023-07-22,自己投資,キノクエスト python,1900
2023-07-22,自己投資,コメダ珈琲,500
2023-07-22,飲食費,コンビニ,90
2023-07-23,飲食費,スタバ,88
2023-07-23,旅費交通費,仲町台→伊勢原→仲町台,732
2023-07-23,旅費交通費,仲町台→センター北,42
2023-07-23,自己投資,コメダ珈琲,0
2023-07-23,飲食費,クレープ、コンビニ,0
2023-07-24,旅費交通費,仲町台→センター北,42
2023-07-24,飲食費,コンビニ,54
2023-07-25,飲食費,スーパー,21
2023-07-25,自己投資,コメダ珈琲,16
2023-07-25,飲食費,コンビニ,0
2023-07-26,飲食費,スーパー,21
2023-07-26,自己投資,AI書籍,899
2023-07-26,自己投資,コメダ,300
2023-07-26,飲食費,コンビニ,32
2023-07-27,自己投資,コメダ珈琲,0
2023-07-27,住宅,家賃,8430
2023-07-27,自己投資,AI書籍,513
2023-07-27,その他,映画、食事、その他,550
2023-07-27,その他,モモ保険,310
2023-07-27,娯楽,LINEスタンプ,130
2023-07-28,飲食費,コンビニ,38
2023-07-28,飲食費,弁当,875
2023-07-28,飲食費,ラーメン,500
2023-07-29,旅費交通費,仲町台→センター北,40
2023-07-29,自己投資,コメダ珈琲,40
2023-07-30,その他,Amazonプライム,0
2023-07-30,旅費交通費,仲町台→センター北,42
2023-07-30,旅費交通費,センター北→伊勢原→仲町台,256
2023-07-31,通信費,ケータイ,283
2023-07-31,自己投資,コメダ,0
2023-08-01,住宅,家賃,98430
2023-08-01,生活,UNIQLO、日傘、PC用眼鏡,20930
2023-08-01,自己投資,コメダ珈琲,100
2023-08-01,飲食費,積田食堂,500
2023-08-01,その他,Amazon？？,1553
2023-08-01,飲食費,スーパー,599
2023-08-01,旅費交通費,仲町台→センター北,242
2023-08-01,その他,noteホリエモンブログ,864
2023-08-02,旅費交通費,仲町台→センター北,242
2023-08-02,飲食費,積田食堂,500
2023-08-02,その他,YouTube music,980
2023-08-02,飲食費,スーパー、コンビニ,759
2023-08-02,自己投資,コメダ珈琲,640
2023-08-03,自己投資,"アンドスタディ、8,9月分➕入会金",55730
2023-08-03,飲食費,スーパー,278
2023-08-03,自己投資,コメダ珈琲,100
2023-08-03,その他,Apple 、iCloud➕,400
2023-08-03,その他,LINEスタンプ,1130
2023-08-03,旅費交通費,仲町台→センター北,242
2023-08-03,飲食費,水,130
2023-08-04,自己投資,コメダ珈琲,100
2023-08-04,旅費交通費,仲町台→センター北→仲町台,484
2023-08-04,飲食費,サーティワン,1830
2023-08-04,自己投資,農業本,4554
2023-08-05,飲食費,水,130
2023-08-05,自己投資,コメダ珈琲,100
2023-08-05,旅費交通費,仲町台→センター北,242
2023-08-05,娯楽,映画ミッションイッポッシブル,3000
2023-08-06,飲食費,鳥玉、鳥と卵の専門店,2585
2023-08-06,飲食費,映画、チュリトス、ポップコーン,1700
2023-08-06,旅費交通費,センター南→仲町台,210
2023-08-07,自己投資,AI書籍、統計学が最強の学問である。数学編,1945
2023-08-07,旅費交通費,センター北→仲町台,242
2023-08-07,旅費交通費,仲町台→センター南,210
2023-08-07,飲食費,積田食堂2日分,1000
2023-08-08,飲食費,サブウェイ,1990
2023-08-08,生活,コンビニ,1720
2023-08-08,旅費交通費,センター北→仲町台,242
2023-08-08,自己投資,chatgpt,2940
2023-08-08,旅費交通費,仲町台→センター北,242
2023-08-09,旅費交通費,仲町台→あざみ野,242
2023-08-09,飲食費,スーパー文化堂,1293
2023-08-09,旅費交通費,あざみの→仲町台,242
2023-08-10,生活,UNIQLO,6370
2023-08-10,自己投資,コメダ珈琲,640
2023-08-10,その他,前川君誕生日プレゼント,5000
2023-08-11,自己投資,コメダ珈琲,640
2023-08-11,飲食費,サブウェイ,1260
2023-08-11,飲食費,スーパー,278
2023-08-12,飲食費,YAMACAFE,1400
2023-08-12,旅費交通費,伊勢原→本厚木→海老名→仲町台,971
2023-08-12,旅費交通費,センター北→秦野,807
2023-08-12,自己投資,コメダ珈琲,640
2023-08-13,飲食費,スーパー,270
2023-08-13,自己投資,コメダ珈琲,100
2023-08-13,旅費交通費,仲町台→センター北,242
2023-08-13,旅費交通費,センター北→仲町台,242
2023-08-14,旅費交通費,仲町台→センター北,242
2023-08-14,その他,IKDTシャツ,7335
2023-08-14,旅費交通費,あざみの→仲町台,242
2023-08-15,飲食費,お菓子andスタディ,370
2023-08-15,飲食費,積田食堂,500
2023-08-15,自己投資,コメダ珈琲,460
2023-08-15,旅費交通費,仲町台→センター北,242
2023-08-15,飲食費,自販機,140
2023-08-15,旅費交通費,センター北→仲町台,242
2023-08-16,自己投資,コメダ珈琲,100
2023-08-16,自己投資,コメダ珈琲チケット,4200
2023-08-16,飲食費,大戸屋,2050
2023-08-17,旅費交通費,仲町台→センター北,242
2023-08-17,飲食費,水自動販売機,130
2023-08-17,自己投資,コメダ珈琲,100
2023-08-17,娯楽,カラオケ,6120
2023-08-17,旅費交通費,センター北→仲町台,242
2023-08-18,旅費交通費,仲町台駅→センター北,242
2023-08-18,自己投資,コメダ珈琲,100
2023-08-18,水道光熱費,東京ガス,7677
2023-08-19,飲食費,コンビニ,319
2023-08-19,旅費交通費,センター北→仲町台,242
2023-08-20,旅費交通費,センター北→仲町台,242
2023-08-20,飲食費,ピザーラ,6060
2023-08-20,旅費交通費,仲町台→センター北,242
2023-08-20,飲食費,スーパー,278
2023-08-20,その他,コンドーム,2164
2023-08-20,自己投資,コメダ珈琲,100
2023-08-21,旅費交通費,仲町台→センター北,242
2023-08-21,自己投資,コメダ珈琲,100
2023-08-21,旅費交通費,センター北→町田,420
2023-08-21,飲食費,CAFEKATSUO,3806
2023-08-21,住宅,町田→仲町台,450
2023-08-21,自己投資,歯医者,1090
2023-08-22,飲食費,バーガーキング,1080
2023-08-22,生活,散髪,1480
2023-08-22,旅費交通費,センター北→仲町台,250
2023-08-22,自己投資,キノクエスト,11900
2023-08-22,自己投資,コメダ珈琲チケット,4300
2023-08-22,飲食費,コンビニ水,110
2023-08-23,飲食費,スーパー,278
2023-08-23,旅費交通費,仲町台→センター北,242
2023-08-23,自己投資,コメダ珈琲,100
2023-08-23,飲食費,お菓子,110
2023-08-23,旅費交通費,センター北→仲町台,242
2023-08-24,飲食費,麦茶,140
2023-08-25,旅費交通費,あざみ野→あざみ野ガーデンズ,210
2023-08-25,旅費交通費,あざみ野→仲町台,242
2023-08-25,旅費交通費,仲町台→あざみ野,242
2023-08-25,娯楽,LINE漫画,2460
2023-08-26,自己投資,コメダ珈琲,100
2023-08-26,飲食費,スーパー,714
2023-08-26,旅費交通費,センター北→仲町台,242
2023-08-27,旅費交通費,センター北→仲町台,242
2023-08-27,飲食費,コメダ珈琲,80
2023-08-27,飲食費,コンビニ のど飴,395
2023-08-27,飲食費,大戸屋,1880
2023-08-28,その他,モモアイペット損保,4310
2023-08-28,飲食費,コンビニ,489
2023-08-29,自己投資,コメダ珈琲,100
2023-08-29,旅費交通費,仲町台→センター北,242
2023-08-29,旅費交通費,センター北→仲町台,242
2023-08-30,その他,Amazonプライム,500
2023-08-30,旅費交通費,仲町台→センター北,242
2023-08-30,自己投資,コメダ珈琲,100
2023-08-30,飲食費,サブウェイ,1480
2023-08-31,通信費,ahamo,5921
2023-08-31,自己投資,コメダ珈琲チケット,4300
2023-08-31,飲食費,すき家,850
2023-08-31,旅費交通費,センター北→仲町台,242
2023-09-01,旅費交通費,センター北→仲町台,242
2023-09-01,飲食費,スタバ,689
2023-09-01,飲食費,サイゼリヤ,1100
2023-09-01,自己投資,コメダ珈琲,100
2023-09-01,住宅,家賃,80000
2023-09-01,自己投資,note,864
2023-09-02,飲食費,スーパー,4054
2023-09-02,旅費交通費,センター北→仲町台,242
2023-09-02,自己投資,コメダ珈琲,100
2023-09-02,自己投資,機械学習書籍,10560
2023-09-02,生活,YouTubeミュージック,980
2023-09-02,旅費交通費,仲町台→センター北,242
2023-09-03,飲食費,スーパー,2255
2023-09-03,自己投資,コメダ珈琲,100
2023-09-03,飲食費,スーパー,213
2023-09-03,娯楽,LINE漫画,200
2023-09-03,その他,iCloud,400
2023-09-04,自己投資,エクセルシオールカフェ,430
2023-09-04,自己投資,コメダ珈琲,100
2023-09-04,旅費交通費,仲町台→センター北,242
2023-09-04,その他,振込手数料,145
2023-09-05,住宅,レーズンサンド,830
2023-09-05,飲食費,コンビニ,753
2023-09-05,自己投資,コメダ珈琲,100
2023-09-05,娯楽,パズドラガチャ,1000
2023-09-05,旅費交通費,仲町台→センター北,242
2023-09-06,旅費交通費,センター北→仲町台,242
2023-09-06,飲食費,アンドスタディお菓子,110
2023-09-06,飲食費,コンビニ,513
2023-09-06,旅費交通費,仲町台→センター南,210
2023-09-06,自己投資,エクセルシオール,480
2023-09-07,旅費交通費,センター北→東山田,242
2023-09-07,飲食費,松屋,970
2023-09-07,自己投資,コメダ珈琲,100
2023-09-07,飲食費,スーパー,278
2023-09-08,生活,ゴミ袋,110
2023-09-08,飲食費,コンビニ,276
2023-09-08,自己投資,コメダ珈琲,100
2023-09-08,娯楽,LINE漫画,4980
2023-09-08,旅費交通費,仲町台→センター北,242
2023-09-08,自己投資,チャットgpt,3049
2023-09-09,自己投資,コメダ珈琲,100
2023-09-09,自己投資,コメダ珈琲,242
2023-09-10,自己投資,スタバ,564
2023-09-10,その他,樹お見舞い代,1942
2023-09-10,自己投資,コメダ珈琲,1400
2023-09-11,飲食費,麦茶,130
2023-09-11,飲食費,すき家,1020
2023-09-11,旅費交通費,伊勢原→仲町台,866
2023-09-11,飲食費,まいばすけっと,1723
2023-09-12,旅費交通費,センター北→仲町台,242
2023-09-12,自己投資,コメダ珈琲,720
2023-09-12,自己投資,統計検定4級,5000
2023-09-13,旅費交通費,仲町台→本厚木→仲町台,1544
2023-09-13,飲食費,コンビニ,458
2023-09-13,飲食費,スタバ,162
2023-09-13,飲食費,ビアードパパ,510
2023-09-13,飲食費,BAKE,1736
2023-09-13,飲食費,米,4498
2023-09-14,飲食費,コンビニ,378
2023-09-14,自己投資,コメダ,720
2023-09-14,旅費交通費,仲町台→センター北,242
2023-09-15,旅費交通費,仲町台→あざみの,242
2023-09-15,水道光熱費,東京ガス,8098
2023-09-16,飲食費,酢豚,1425
2023-09-16,飲食費,忍者飯,138
2023-09-16,自己投資,コメダ珈琲,1240
2023-09-16,自己投資,デーサイエンス書籍,3088
2023-09-17,旅費交通費,伊勢原→仲町台,866
2023-09-17,飲食費,水,120
2023-09-17,自己投資,コメダ珈琲,520
2023-09-18,飲食費,コンビニ,838
2023-09-18,飲食費,サイゼリヤ,3200
2023-09-18,旅費交通費,仲町台→センター北,242
2023-09-19,生活,マスクコンビニ,451
2023-09-19,飲食費,京樽,1230
2023-09-19,自己投資,コメダ珈琲,100
2023-09-19,旅費交通費,仲町台→センター北,242
2023-09-19,飲食費,文化堂、スーパー,2463
2023-09-20,飲食費,すき家,1060
2023-09-20,自己投資,コメダ珈琲,540
2023-09-20,自己投資,アンドスタディー,11800
2023-09-21,飲食費,すき家,1700
2023-09-21,自己投資,コメダ珈琲,640
2023-09-21,旅費交通費,センター北→仲町台,210
2023-09-21,旅費交通費,仲町台→センター北,210
2023-09-22,娯楽,フットサル,2500
2023-09-22,飲食費,コンビニ,135
2023-09-22,自己投資,キノクエスト,11900
2023-09-23,娯楽,ライン漫画,9960
2023-09-24,飲食費,コンビニ,503
2023-09-24,娯楽,RIZIN,2500
2023-09-24,飲食費,銀の皿,2462
2023-09-24,自己投資,コメダ珈琲,5220
2023-09-24,旅費交通費,仲町台→センター北,242
2023-09-25,旅費交通費,センター北→仲町台,210
2023-09-25,飲食費,コンビニ,972
2023-09-25,自己投資,コメダ珈琲,820
2023-09-25,旅費交通費,仲町台→センター北,242
2023-09-25,その他,Apple不明,1480
2023-09-25,飲食費,東急ストア、スーパー,1302
2023-09-26,飲食費,コンビニ,151
2023-09-26,自己投資,コメダ珈琲,820
2023-09-27,飲食費,スーパー,2727
2023-09-27,飲食費,コンビニ,460
2023-09-27,飲食費,すき家,880
2023-09-27,自己投資,コメダ珈琲,100
2023-09-27,生活,自転車,23100
2023-09-27,その他,アイペット損保、もも保険,4310
2023-09-27,その他,振込手数料,320
2023-09-27,その他,振込手数料,145
2023-09-28,飲食費,スーパー,1061
2023-09-28,その他,AP,770000
2023-09-28,自己投資,コメダ珈琲,100
2023-09-28,旅費交通費,仲町台→センター北,242
2023-09-28,旅費交通費,センター北→幡ヶ谷,934
2023-09-28,旅費交通費,幡ヶ谷→センター北,934
2023-09-29,自己投資,コメダ珈琲,100
2023-09-29,飲食費,スーパー,429
2023-09-30,自己投資,スタバ,520
2023-09-30,自己投資,コメダ珈琲,100
2023-09-30,旅費交通費,仲町台→センター北,242
2023-09-30,飲食費,スーパー,1194
2023-09-30,生活,Amazon prime,600
