date,category,amount,memo
2022/07/24,その他,¥120,スティックノリ(TOEIC写真貼る用)
2022/07/24,その他,¥100,水
2022/07/24,その他,¥900,TOEIC用写真(写真証明機)
2022/07/24,旅費交通費,¥377,電車（海老名→淵野辺）
2022/07/25,自己投資,¥270,コメダ珈琲
2022/07/25,自己投資,"¥9,826",書籍（エンジニア4冊）
2022/07/26,旅費交通費,¥130,電車（海老名→本厚木）
2022/07/26,その他,"¥3,890",アイペット損害保険
2022/07/26,その他,"¥246,300",不動産取得税
2022/07/26,水道光熱費,"¥4,121",ガス料金（6月分）
2022/07/26,水道光熱費,"¥4,331",水道料金(6月分)
2022/07/26,飲食費,¥521,コンビニ飯
2022/07/26,自己投資,¥413,スタバ
2022/07/26,自己投資,"¥1,480",Udemy
2022/07/26,水道光熱費,"¥4,331",水道料金(7月分)
2022/07/27,水道光熱費,"¥9,592",電気代(7月分)
2022/07/27,自己投資,¥390,スタバ
2022/07/27,自己投資,¥270,コメダ珈琲
2022/07/27,自己投資,"¥6,710",書籍（チーム関連）
2022/07/27,借金,"¥8,100",日本学生支援機構
2022/07/28,飲食費,¥53,コンビニ飯
2022/07/28,自己投資,¥462,スタバ
2022/07/28,その他,¥880,ウォーターサーバー
2022/07/28,自己投資,¥270,コメダ珈琲
2022/07/29,その他,"¥6,950",美容院カット
2022/07/29,その他,¥120,LINE漫画
2022/07/29,飲食費,¥259,アイスコンビニ飯
2022/07/30,その他,¥158,菜々子喉薬
2022/07/30,その他,¥200,コンビニ 菜々子のど飴
2022/07/30,自己投資,¥390,スタバ
2022/07/30,自己投資,¥270,コメダ珈琲
2022/07/30,飲食費,¥350,すき家
2022/07/31,水道光熱費,"¥4,020",東京ガス7月分
2022/07/31,飲食費,¥264,コンビニ
2022/07/31,その他,¥600,印鑑証明書
2022/07/31,飲食費,"¥4,821",すき焼き食材
2022/07/31,自己投資,"¥1,210",コメダ珈琲
2022/07/31,自己投資,"¥7,810",トイック試験
2022/08/01,飲食費,¥120,水
2022/08/01,飲食費,¥390,スタバ
2022/08/01,飲食費,¥790,コメダ珈琲
2022/08/02,飲食費,¥438,エクセシオールcafe
2022/08/02,自己投資,"¥3,278",スタサプ(英語学習アプリ)
2022/08/02,飲食費,¥220,水
2022/08/02,自己投資,"¥1,760",英語学習本
2022/08/02,飲食費,¥709,スタバ
2022/08/02,旅費交通費,"¥1,236",電車 海老名→センター南→海老名
2022/08/03,飲食費,¥784,コンビニ
2022/08/03,飲食費,¥165,スタバ
2022/08/03,飲食費,¥460,スタバ
2022/08/03,飲食費,¥790,コメダ珈琲
2022/08/04,飲食費,"¥1,840",映画 ポップコーン
2022/08/04,飲食費,¥790,コメダ珈琲
2022/08/04,その他,"¥6,600",映画 ジュラシックワールド
2022/08/05,飲食費,¥429,スタバ
2022/08/05,その他,"¥1,584",ワンピース漫画
2022/08/05,自己投資,"¥8,130",PYQ
2022/08/06,飲食費,¥120,水
2022/08/06,自己投資,¥880,英語用ノートボールペン
2022/08/06,飲食費,¥651,スタバ
2022/08/06,飲食費,"¥4,860",食費
2022/08/07,その他,¥610,漫画LINE
2022/08/07,飲食費,¥120,水
2022/08/07,その他,"¥4,339",Apple Watch充電器
2022/08/07,飲食費,"¥1,172",スタバ
2022/08/07,飲食費,¥390,スタバ
2022/08/07,飲食費,¥350,すき家
2022/08/08,飲食費,¥120,水
2022/08/08,飲食費,¥950,スタバ
2022/08/09,飲食費,"¥1,439",スタバ
2022/08/10,住宅,"¥100,000",中目黒家賃
2022/08/10,旅費交通費,¥492,センター南→中目黒
2022/08/10,飲食費,"¥2,948",鎌倉パスタたつき
2022/08/10,飲食費,¥438,エクセシオールカフェ
2022/08/10,その他,¥880,ウォーターサーバー
2022/08/10,飲食費,¥120,忍者飯梅
2022/08/10,飲食費,¥390,スタバ
2022/08/10,旅費交通費,¥618,海老名→センター南
2022/08/11,飲食費,¥382,コンビニ飯
2022/08/11,飲食費,¥390,スタバ
2022/08/11,飲食費,¥456,コンビニ飯
2022/08/11,旅費交通費,¥492,中目黒→センター南
2022/08/12,自己投資,"¥23,789",書籍
2022/08/12,飲食費,¥462,スタバ
2022/08/12,飲食費,¥730,スタバ
2022/08/12,飲食費,¥641,スタバ
2022/08/12,その他,¥580,タバコ菜々子
2022/08/12,借金,"¥7,095",ペイディー
2022/08/13,飲食費,¥641,スタバ
2022/08/13,飲食費,¥390,コメダ
2022/08/13,飲食費,"¥6,907",パーティ前夜祭
2022/08/14,旅費交通費,"¥1,700",菜々子引越し高速
2022/08/14,飲食費,"¥1,283",食費
2022/08/14,その他,"¥11,550",菜々子引っ越しレンタカー
2022/08/14,旅費交通費,"¥1,851",引っ越しガソリンレンタカー
2022/08/14,飲食費,¥390,スタバ
2022/08/15,飲食費,¥400,自動販売機
2022/08/15,その他,"¥12,200",ホテルビスタ
2022/08/15,飲食費,¥165,スタバ
2022/08/15,飲食費,¥120,水
2022/08/15,飲食費,¥936,スタバ
2022/08/15,通信費,"¥15,219",スマホ7月分
2022/08/16,その他,"¥8,100",コストコ会員費更新
2022/08/16,飲食費,"¥8,085",コストコ食材費
2022/08/16,飲食費,"¥2,080",コストコフードコート
2022/08/16,飲食費,¥876,エクセシオールcafe
2022/08/16,飲食費,¥402,コンビニ飯
2022/08/16,借金,"¥100,982",会社前払金
2022/08/17,飲食費,"¥11,730",爺ちゃん誕生日
2022/08/17,飲食費,"¥1,650",すき家
2022/08/18,飲食費,¥135,スタバ
2022/08/18,飲食費,¥120,水
2022/08/18,飲食費,¥390,スタバ
2022/08/19,飲食費,¥390,スタバ
2022/08/19,飲食費,"¥5,600",コメチケ
2022/08/19,飲食費,¥390,すき家
2022/08/20,飲食費,¥470,クレープ
2022/08/20,飲食費,¥390,スタバ
2022/08/20,飲食費,¥270,コメダ珈琲
2022/08/20,その他,"¥2,800",映画ONE PIECE RED
2022/08/20,自己投資,"¥1,133",jetbrains
2022/08/21,飲食費,¥240,水
2022/08/21,自己投資,¥693,ノート
2022/08/21,自己投資,"¥6,990",udemyかめさん機械学習
2022/08/21,飲食費,¥555,スタバ
2022/08/21,飲食費,¥780,すき家
2022/08/22,その他,"¥2,546",弁当箱
2022/08/22,飲食費,"¥1,244",スタバ
2022/08/22,飲食費,¥350,すき家
2022/08/23,住宅,"¥227,479",アルヒ住宅ローン
2022/08/23,飲食費,"¥1,807",エクセシオール よし、たつき
2022/08/23,飲食費,¥348,コンビニ飯
2022/08/23,飲食費,¥781,スタバ
2022/08/24,飲食費,¥240,水
2022/08/24,飲食費,¥390,スタバ
2022/08/25,借金,"¥90,000",アコム返済
2022/08/25,飲食費,¥240,水
2022/08/25,飲食費,"¥2,490",大戸屋
2022/08/26,飲食費,¥501,スタバ
2022/08/26,飲食費,¥120,水
2022/08/26,飲食費,¥390,スタバ
2022/08/27,その他,"¥2,800",ワンピース映画
2022/08/27,飲食費,¥120,水
2022/08/27,自己投資,"¥4,040",Udemy
2022/08/27,自己投資,"¥16,127",書籍
2022/08/27,その他,¥980,LINE漫画
2022/08/27,飲食費,¥390,スタバ
2022/08/28,飲食費,¥760,映画ドリンク
2022/08/28,飲食費,¥360,水
2022/08/29,飲食費,"¥1,869",スタバ
2022/08/29,水道光熱費,"¥13,402",電気代
2022/08/29,借金,"¥8,100",奨学金
2022/08/30,飲食費,¥743,スタバ
2022/08/30,自己投資,"¥1,990",IQテスト
2022/08/30,飲食費,¥874,スタバ
2022/08/31,その他,¥440,loop
2022/08/31,飲食費,"¥3,460",バーガーべいくうぉーたー
2022/08/31,飲食費,¥140,スタバ
2022/08/31,その他,"¥13,380",眉毛サロン
2022/08/31,飲食費,"¥1,450",ゴンチャ
2022/08/31,飲食費,¥125,コンビニ飯
2022/08/31,飲食費,¥115,水
2022/08/31,飲食費,¥450,すき家
2022/09/01,飲食費,"¥1,056",ラテグラ
2022/09/01,その他,"¥1,512",傘
2022/09/01,旅費交通費,¥440,小田急ゴリラクリニック町田
2022/09/01,飲食費,¥140,水
2022/09/01,飲食費,¥390,スタバ
2022/09/02,飲食費,¥227,水
2022/09/02,飲食費,"¥1,156",スタバ
2022/09/03,その他,¥400,少林サッカー
2022/09/03,飲食費,"¥10,731",スーパー
2022/09/03,飲食費,¥138,スタバ
2022/09/03,水道光熱費,"¥3,358",ガス料金8月分
2022/09/03,飲食費,"¥5,500",ピザーラ
2022/09/03,飲食費,¥741,スタバ
2022/09/04,飲食費,¥120,水
2022/09/04,飲食費,¥874,スタバ
2022/09/05,飲食費,¥431,スタバ
2022/09/05,飲食費,¥390,スタバ
2022/09/05,飲食費,¥245,コンビニ飯
2022/09/05,自己投資,"¥8,130",PYQ
2022/09/07,自己投資,¥985,スタバ
2022/09/07,飲食費,¥112,水
2022/09/08,自己投資,"¥2,455",線形代数&微分積分書籍
2022/09/08,飲食費,¥313,水
2022/09/08,飲食費,"¥1,017",スタバ
2022/09/08,飲食費,"¥1,138",水2lアマゾン
2022/09/09,飲食費,¥390,スタバ
2022/09/10,飲食費,¥390,スタバ
2022/09/10,飲食費,¥347,水
2022/09/10,住宅,"¥53,000",固定資産税
2022/09/10,その他,¥880,ウォーターサーバー
2022/09/11,飲食費,"¥1,041",スタバ
2022/09/11,飲食費,"¥1,138",水2l Amazon
2022/09/12,飲食費,¥484,スタバ
2022/09/12,借金,"¥7,095",ペイディー
2022/09/13,自己投資,"¥8,000",機械学習講座
2022/09/13,飲食費,"¥4,466",しんぱち食堂
2022/09/13,飲食費,¥562,エクセシオール
2022/09/13,飲食費,¥272,水とクリーム玄米ブラン
2022/09/14,その他,"¥5,313",菜々子6ヶ月記念日
2022/09/14,飲食費,¥770,エプロント
2022/09/14,飲食費,"¥3,223",こめらくチャイ
2022/09/14,飲食費,¥120,水
2022/09/14,飲食費,"¥3,229",スーパー6ヶ月記念日料理
2022/09/15,その他,¥473,6ヶ月記念日手紙
2022/09/15,その他,"¥3,270",生活の木 キンモクセイ匂い
2022/09/15,その他,¥250,LINE漫画
2022/09/16,住宅,"¥227,044",住宅ローン
2022/09/16,飲食費,"¥1,800",コンビニ飯
2022/09/16,その他,¥300,印鑑証明書
2022/09/16,その他,"¥70,504",au未納料金
2022/09/16,飲食費,¥852,スタバ
2022/09/17,飲食費,"¥3,490",大戸屋
2022/09/17,飲食費,¥500,スタバ
2022/09/18,飲食費,"¥1,738",こめらく
2022/09/18,飲食費,¥956,スタバ
2022/09/18,飲食費,"¥1,386",ラテグラフィック
2022/09/19,飲食費,"¥7,096",しゃぶ葉
2022/09/19,飲食費,"¥1,717",スタバ
2022/09/19,自己投資,"¥1,952",書籍 独学大全
2022/09/19,飲食費,"¥1,307",スタバ
2022/09/20,その他,¥980,漫画
2022/09/20,飲食費,"¥1,280",スタバ
2022/09/20,自己投資,"¥1,133",pycharm
2022/09/20,自己投資,"¥3,278",スタサプ
2022/09/21,飲食費,¥330,コンビニ飯
2022/09/22,その他,¥836,傷パワーパッド
2022/09/22,飲食費,¥120,水
2022/09/22,飲食費,"¥1,306",スタバ
2022/09/23,飲食費,"¥1,010",スタバ
2022/09/24,自己投資,"¥6,600",書籍
2022/09/24,その他,"¥10,000",LINE漫画
2022/09/24,その他,"¥9,504",Y-3Tシャツ
2022/09/24,飲食費,"¥1,065",スタバ
2022/09/24,飲食費,"¥1,078",ラテグラ
2022/09/24,飲食費,¥112,水
2022/09/25,その他,"¥6,600",RIZINペーパービュー
2022/09/25,飲食費,"¥12,386",すき焼きパーティ
2022/09/25,飲食費,"¥1,121",水2l Amazon
2022/09/26,飲食費,¥555,スタバ
2022/09/26,飲食費,¥210,水
2022/09/26,水道光熱費,"¥3,371",水道料金
2022/09/26,通信費,"¥15,242",スマホ代8月分
2022/09/27,自己投資,"¥4,400",ルネサンス会費菜々子と自分の分
2022/09/27,飲食費,¥219,水
2022/09/27,その他,"¥1,000",チャイトイック合格
2022/09/27,その他,"¥100,982",リアンリッチ会社にマイナス分
2022/09/27,飲食費,¥555,スタバ
2022/09/27,飲食費,¥115,水
2022/09/27,水道光熱費,"¥14,834",au電気
2022/09/27,その他,"¥7,780",モモ アイペット保険
2022/09/27,借金,"¥8,100",奨学金
2022/09/28,その他,"¥2,980",銭湯たつき
2022/09/28,飲食費,"¥1,771",スタバ
2022/09/28,飲食費,¥390,スタバ
2022/09/28,飲食費,"¥1,692",焼き鳥鳥さんわ
2022/09/28,住宅,"¥59,070",管理費
2022/09/29,飲食費,¥240,水
2022/09/29,飲食費,¥555,
2022/09/30,飲食費,¥112,水
2022/09/30,飲食費,"¥4,180",しんぱち食堂
2022/09/30,水道光熱費,"¥4,020",9月ガス料金
2022/09/30,飲食費,¥500,スタバ
2022/09/30,飲食費,¥127,ヨーグレット
2022/09/30,飲食費,¥228,水
2022/10/01,自己投資,¥440,ボールペン
2022/10/01,飲食費,"¥1,563",スタバ
2022/10/02,飲食費,¥491,コンビニ飯
2022/10/03,飲食費,¥500,スタバ
2022/10/03,飲食費,"¥4,138",中華
2022/10/04,飲食費,¥500,スタバ
2022/10/05,飲食費,"¥1,678",スタバ
2022/10/06,飲食費,"¥1,650",マナズグリーンティー
2022/10/06,飲食費,"¥3,146",バンビジェ
2022/10/06,飲食費,"¥1,425",スタバ
2022/10/07,飲食費,"¥1,340",スタバ
2022/10/08,飲食費,¥390,スタバ
2022/10/09,飲食費,¥110,水
2022/10/09,飲食費,¥965,スタバ
2022/10/09,その他,"¥5,480",漫画LINE
2022/10/09,その他,"¥67,556",スーツ
2022/10/10,飲食費,¥240,水
2022/10/10,飲食費,¥640,スタバ
2022/10/11,自己投資,"¥134,800",菜々子MacBookair
2022/10/11,自己投資,¥693,ノート
2022/10/11,飲食費,¥640,スタバ
2022/10/12,自己投資,"¥1,738",書籍 スティーブ・ジョブズ
2022/10/12,飲食費,¥640,スタバ
2022/10/12,借金,"¥7,095",ペイディー
2022/10/13,その他,"¥1,424",定規、便箋、ご祝儀袋
2022/10/13,飲食費,¥390,スタバ
2022/10/13,その他,"¥7,055",鍋
2022/10/13,その他,"¥22,350",美容院
2022/10/13,その他,"¥2,200",ヘアワックス
2022/10/14,飲食費,¥390,スタバ
2022/10/14,その他,"¥100,000",ご祝儀袋よしの結婚式
2022/10/16,飲食費,"¥1,046",スタバ
2022/10/18,その他,"¥28,750",万葉の湯
2022/10/18,飲食費,"¥3,278",こめらく
2022/10/18,自己投資,"¥1,139",しょせき
2022/10/19,自己投資,"¥7,810",トイック12/18受験料
2022/10/19,飲食費,¥475,アイスココアスタバ
2022/10/19,飲食費,"¥1,017",スタバ
2022/10/20,住宅,"¥227,607",住宅ローン
2022/10/20,自己投資,"¥1,672",英文法書籍
2022/10/20,自己投資,"¥6,497",すたサプ教材
2022/10/20,自己投資,"¥1,306",書籍
2022/10/20,飲食費,¥530,スタバ
2022/10/20,飲食費,¥350,すき家
2022/10/21,その他,"¥100,000",菜々子
2022/10/21,飲食費,"¥1,127",スタバ
2022/10/22,飲食費,"¥1,235",スタバ
2022/10/22,飲食費,¥840,すき家
2022/10/23,自己投資,"¥1,151",スタバ
2022/10/23,飲食費,¥350,すき家
2022/10/24,飲食費,"¥1,106",スタバ
2022/10/25,飲食費,¥890,コンビニ飯
2022/10/25,飲食費,¥438,エクセシオール
2022/10/25,飲食費,"¥1,150",エクセシオール
2022/10/25,飲食費,"¥2,340",すき家
2022/10/26,その他,"¥400,000",AP
2022/10/26,その他,"¥1,064",コンドーム
2022/10/26,飲食費,"¥1,500",スタバ
2022/10/26,通信費,"¥29,087",スマホ
2022/10/27,その他,"¥3,890",モモアイペット損保
2022/10/28,飲食費,¥531,スタバ
2022/10/28,飲食費,"¥4,880",うまいもん寿司
2022/10/29,飲食費,"¥1,329",スタバ
2022/10/30,飲食費,"¥5,200",大山食事
2022/11/01,飲食費,"¥5,060",cafe 44
2022/11/02,飲食費,"¥1,345",スタバ
2022/11/03,飲食費,¥855,スタバ
2022/11/04,飲食費,"¥6,290",ラテグラ
2022/11/05,飲食費,"¥1,120",クレープ
2022/11/05,飲食費,¥800,スタバ
2022/11/06,旅費交通費,¥100,コメダ
2022/11/06,その他,"¥5,496",RIZINppuv
2022/11/07,飲食費,"¥1,617",しんぱち食堂
2022/11/07,飲食費,¥500,スタバ
2022/11/07,飲食費,"¥2,772",ラテグラ
2022/11/07,飲食費,¥917,エクセシオール
2022/11/08,自己投資,"¥3,278",インスタ研究室
2022/11/09,飲食費,¥270,コメダ
2022/11/09,飲食費,¥880,すき家
2022/11/10,飲食費,"¥1,212",スーパー
2022/11/10,飲食費,¥500,スタバ
2022/11/10,飲食費,¥270,コメダ
2022/11/11,飲食費,"¥4,070",大戸屋
2022/11/11,飲食費,¥270,コメダ
2022/11/11,飲食費,¥500,スタバ
2022/11/12,飲食費,¥233,水
2022/11/12,飲食費,"¥3,518",しゃぶ葉
2022/11/12,その他,"¥8,000",馬場さん大会
2022/11/13,飲食費,"¥1,166",ラテグラ
2022/11/13,飲食費,¥100,コメダ
2022/11/14,水道光熱費,"¥4,027",ガス代10月分
2022/11/14,飲食費,"¥8,590",パーティ
2022/11/14,飲食費,¥850,すき家
2022/11/14,飲食費,¥240,コメダ
2022/11/14,借金,"¥7,095",ペイディー
2022/11/15,飲食費,¥116,水
2022/11/15,その他,¥980,YouTubeミュージック
2022/11/15,飲食費,¥390,スタバ
2022/11/16,飲食費,"¥3,564",ラテグラ
2022/11/16,飲食費,"¥1,360",スタバ
2022/11/16,住宅,"¥227,108",住宅ローン
2022/11/16,借金,"¥13,065",会社借金
2022/11/17,飲食費,¥770,松屋
2022/11/17,飲食費,"¥1,014",スタバ
2022/11/18,飲食費,¥350,マック
2022/11/19,飲食費,¥305,スタバ
2022/11/19,飲食費,¥100,コメダ
2022/11/19,飲食費,"¥2,800",コメダチケット
2022/11/19,自己投資,"¥2,195",DSスクール
2022/11/19,飲食費,¥390,スタバ
2022/11/20,飲食費,¥450,コンビニ
2022/11/20,その他,"¥1,500",LINE漫画
2022/11/20,自己投資,"¥1,307",ジェットブレイン
2022/11/20,飲食費,"¥4,345",ラテグラ
2022/11/21,飲食費,¥850,すき家
2022/11/21,飲食費,¥390,スタバ
2022/11/22,飲食費,¥438,エクセシオールカフェ
2022/11/22,飲食費,¥572,コンビニ飯
2022/11/22,飲食費,¥709,スタバ
2022/11/24,飲食費,¥825,ドトール
2022/11/24,飲食費,¥700,スタバ
2022/11/25,飲食費,¥438,エクセシオール
2022/11/25,飲食費,"¥2,190",すき家
2022/11/25,飲食費,¥709,スタバ
2022/11/26,その他,"¥1,300",LINE漫画
2022/11/26,飲食費,¥390,スタバ
2022/11/26,飲食費,¥825,ドトール
2022/11/26,その他,¥528,漫画
2022/11/26,旅費交通費,¥270,コメダ
2022/11/27,飲食費,¥100,コメダ
2022/11/27,飲食費,"¥3,465",ラテグラ
2022/11/28,飲食費,¥438,エクセシオールカフェ
2022/11/28,飲食費,¥522,コンビニ飯
2022/11/28,通信費,"¥23,394",スマホ
2022/11/28,その他,"¥3,890",モモ保険
2022/11/28,住宅,"¥118,140",管理費10月11月分
2022/11/28,水道光熱費,"¥6,310",電気代
2022/11/28,水道光熱費,"¥3,611",水道代
2022/11/28,借金,"¥16,200",奨学金
2022/11/28,飲食費,¥709,スタバ
2022/11/29,その他,¥84,切手
2022/11/29,飲食費,¥270,コメダ
2022/11/30,飲食費,"¥1,600",44アパートメント
2022/11/30,飲食費,"¥3,410",大戸屋
2022/11/30,飲食費,¥620,コメダ
2022/12/01,自己投資,¥367,イーロンマスク書籍
2022/12/01,飲食費,¥781,コンビニ飯
2022/12/01,水道光熱費,"¥7,936",ガス料金11月
2022/12/01,飲食費,¥390,スタバ
2022/12/02,飲食費,¥438,アイスカフェラテ
2022/12/02,飲食費,"¥1,551",しんぱち食堂
2022/12/02,その他,"¥1,000",LINE漫画
2022/12/02,飲食費,¥390,スタバ
2022/12/02,飲食費,¥900,しゅうまい弁当
2022/12/02,飲食費,¥130,水
2022/12/02,その他,"¥11,800",ユニバ菜々子誕生日
2022/12/02,その他,"¥45,003",ホテル
2022/12/03,旅費交通費,"¥1,000",センター南駐車場
2022/12/03,飲食費,"¥1,979",吉野家
2022/12/04,飲食費,"¥1,240",コメダ
2022/12/04,飲食費,¥120,水
2022/12/05,飲食費,"¥1,430",大戸屋
2022/12/05,飲食費,¥620,コメダ
2022/12/06,飲食費,"¥1,355",DOUTOR
2022/12/06,飲食費,¥641,スタバ
2022/12/06,飲食費,¥120,水
2022/12/07,飲食費,"¥3,000",キープウィルcafe
2022/12/08,飲食費,¥531,スタバ
2022/12/08,飲食費,"¥1,520",大戸屋
2022/12/08,飲食費,¥520,コメダ
2022/12/08,飲食費,¥330,飯
2022/12/08,自己投資,"¥3,278",インスタ研究室
2022/12/09,飲食費,"¥6,490",ざんまい
2022/12/09,飲食費,¥900,タピオカ
2022/12/09,飲食費,"¥1,103",ばーがーきんぐ
2022/12/09,飲食費,¥520,キーズカフェ
2022/12/10,飲食費,¥693,エクセシオールcafe
2022/12/10,飲食費,¥479,コンビニ飯
2022/12/10,飲食費,¥709,スタバ
2022/12/11,飲食費,¥509,コンビニ飯
2022/12/12,飲食費,¥520,コメダ
2022/12/13,飲食費,¥550,フレンチトースト
2022/12/13,飲食費,"¥2,772",ラテグラ
2022/12/14,飲食費,¥110,水
2022/12/14,自己投資,"¥1,155",ノート
2022/12/14,飲食費,¥390,スタバ
2022/12/15,その他,"¥5,400",ユニバ
2022/12/15,飲食費,"¥1,440",京樽
2022/12/15,その他,"¥28,380",新幹線
2022/12/15,その他,¥495,手紙
2022/12/15,飲食費,¥781,スタバ
2022/12/15,飲食費,"¥13,728",しゃぶしゃぶ
2022/12/16,飲食費,¥85,スタバ
2022/12/16,その他,¥600,あげもた
2022/12/16,飲食費,¥250,ニッキ
2022/12/16,その他,"¥1,000",taxi
2022/12/16,飲食費,"¥16,900",焼肉矢澤
2022/12/17,飲食費,"¥1,336",タルト
2022/12/17,その他,¥985,ケーキ
2022/12/17,飲食費,¥616,八つ橋
2022/12/17,その他,"¥7,251",京都お土産
2022/12/17,その他,"¥5,100",宝くじ17枚年末ジャンボ
2022/12/17,飲食費,"¥4,600",寿司
2022/12/18,飲食費,¥587,コンビニ
2022/12/18,飲食費,"¥3,100",カツオcafe
2022/12/18,飲食費,¥116,水
2022/12/19,自己投資,"¥2,155",DSスクール
2022/12/19,飲食費,¥850,すき家
2022/12/19,住宅,"¥227,170",住宅ローン
2022/12/20,その他,¥600,印鑑証明書&住民票
2022/12/20,旅費交通費,¥440,海老名→町田→海老名
2022/12/20,飲食費,"¥1,400",ケバブ
2022/12/20,その他,"¥60,000",収入印紙代
2022/12/20,その他,¥650,LINE漫画
2022/12/20,自己投資,"¥1,307",ジェットブレイン
2022/12/21,飲食費,"¥1,020",クレープ
2022/12/22,飲食費,¥390,駅の購買
2022/12/22,その他,"¥106,000",固定資産税
2022/12/23,飲食費,"¥2,156",スパけディ
2022/12/23,飲食費,"¥3,267",こめらく
2022/12/23,飲食費,"¥1,050",スタバ
2022/12/24,旅費交通費,¥640,高速道路
2022/12/24,飲食費,"¥1,160",エクセシオールカフェ
2022/12/24,その他,"¥66,945",万葉の湯
2022/12/24,旅費交通費,¥800,駐車場
2022/12/24,自己投資,"¥497,280",Apple商品
2022/12/25,その他,"¥7,950",ゴルフウェア
2022/12/26,その他,"¥1,000",LINE漫画
2022/12/26,飲食費,¥523,コンビニ飯
2022/12/26,その他,"¥10,515",三島カントリークラブ
2022/12/26,飲食費,¥788,コンビニ飯
2022/12/26,通信費,"¥11,970",ソフトバンク11月分
2022/12/27,その他,"¥60,000",ゴルフ諸々
2022/12/27,その他,"¥11,630",沼津国際カントリークラブ
2022/12/27,その他,"¥3,890",モモの保険
2022/12/27,借金,"¥8,100",奨学金
2022/12/27,住宅,"¥59,070",管理費
2022/12/27,水道光熱費,"¥6,393",電気代
2022/12/28,飲食費,"¥5,600",カラオケ
2022/12/28,飲食費,¥980,台湾牛肉
2022/12/28,飲食費,¥980,チキンカレー
2022/12/28,旅費交通費,¥440,海老名→町田→海老名
2022/12/29,水道光熱費,"¥16,891",ガス12月分
2022/12/29,借金,"¥56,760",ペイディー
2022/12/29,その他,"¥5,000",カラオケ
2022/12/29,その他,"¥10,000",LINE漫画
2022/12/29,飲食費,"¥1,400",コメダ
2022/12/29,自己投資,"¥25,600",MacBookアクセサリー
2022/12/29,自己投資,"¥586,600",MacBook Pro16インチ
2022/12/30,飲食費,¥450,エクセシオールカフェ
2022/12/30,飲食費,¥646,コンビニ飯
2022/12/30,旅費交通費,¥862,海老名→センター南→東山田
2022/12/30,旅費交通費,¥600,センター南→海老名
2022/12/31,その他,"¥9,090",ピザーラ
2023/01/02,娯楽,"¥113,000",ゴルフ用品
2023/01/02,自己投資,¥766,スタバ
2023/01/03,飲食費,¥707,コンビニ
2023/01/03,旅費交通費,¥220,伊勢原→海老名
2023/01/04,娯楽,"¥294,335",ゴルフ用品
2023/01/04,飲食費,"¥3,720",天ぷらたかお
2023/01/04,自己投資,¥520,コメダ珈琲
2023/01/04,娯楽,"¥4,500",ゴルフ打ちっぱなし
2023/01/05,飲食費,¥563,コンビニ
2023/01/05,飲食費,¥116,水
2023/01/05,自己投資,¥450,エクセシオールカフェ
2023/01/05,飲食費,¥135,男梅
2023/01/06,飲食費,"¥1,280",コンビニ飯
2023/01/06,飲食費,¥130,水
2023/01/06,自己投資,¥620,コメダ
2023/01/07,飲食費,¥130,水
2023/01/07,自己投資,"¥2,560",コメダ
2023/01/07,自己投資,"¥7,810",トイック試験
2023/01/08,飲食費,¥279,水
2023/01/08,娯楽,"¥5,000",ゴルフ打ちっぱなし
2023/01/08,飲食費,"¥3,738",しゃぶ葉
2023/01/09,娯楽,"¥6,900",手揉みマッサージ
2023/01/09,自己投資,¥620,コメダ珈琲
2023/01/09,娯楽,"¥12,241",ゴルフコース
2023/01/09,飲食費,"¥1,188",シュークリーム
2023/01/10,飲食費,"¥3,000",伊勢神宮 飯
2023/01/10,飲食費,"¥4,000",伊勢神宮 飯
2023/01/10,自己投資,"¥1,500",伊勢神宮 角祓
2023/01/10,自己投資,"¥2,000",御守り 伊勢神宮
2023/01/10,自己投資,"¥10,000",伊勢神宮ご祈祷
2023/01/11,娯楽,"¥5,000",ゴルフ
2023/01/11,飲食費,"¥3,800",ことしろ
2023/01/11,飲食費,¥237,水
2023/01/11,飲食費,¥140,水
2023/01/11,自己投資,¥620,コメダ
2023/01/12,自己投資,"¥1,240",コメダ珈琲
2023/01/12,自己投資,¥450,エクセシオール
2023/01/12,娯楽,¥320,LINE漫画
2023/01/12,飲食費,¥590,すき家
2023/01/13,娯楽,"¥1,650",LINE漫画
2023/01/13,自己投資,"¥2,350",親知らず赤田歯科
2023/01/13,飲食費,"¥3,586",cafe KATSUO
2023/01/13,自己投資,¥360,キーズカフェ
2023/01/13,生活,¥166,歯ブラシ
2023/01/13,旅費交通費,¥440,海老名→町田→海老名
2023/01/14,自己投資,"¥1,200",コメダ
2023/01/14,生活,"¥4,450",マスクピッタ
2023/01/14,飲食費,"¥11,495",銚子丸
2023/01/14,自己投資,"¥1,078",ラテグラ
2023/01/14,旅費交通費,¥440,海老名→町田→海老名
2023/01/14,自己投資,"¥3,690",歯医者赤田歯科
2023/01/15,飲食費,¥260,水
2023/01/16,住宅,"¥227,170",住宅ローン
2023/01/16,自己投資,"¥2,630",コメダ珈琲
2023/01/17,飲食費,¥130,水
2023/01/17,自己投資,¥390,スタバ
2023/01/17,飲食費,"¥3,430",大戸屋
2023/01/17,自己投資,¥620,コメダ珈琲
2023/01/18,自己投資,"¥1,340",コメダ珈琲
2023/01/18,飲食費,¥116,水
2023/01/19,飲食費,¥220,水
2023/01/19,生活,"¥13,200",眉毛プラスエイト
2023/01/19,飲食費,¥260,梅
2023/01/19,旅費交通費,¥660,海老名→横浜→海老名
2023/01/19,飲食費,"¥1,840",大戸屋
2023/01/19,自己投資,¥390,スタバ
2023/01/20,娯楽,"¥5,000",ゴルフ
2023/01/20,自己投資,¥535,タリーズ
2023/01/20,その他,"¥2,000",寿司だ負けた
2023/01/20,自己投資,¥400,キーズカフェ
2023/01/20,自己投資,"¥1,620",コメダ珈琲
2023/01/20,娯楽,¥650,ライン漫画
2023/01/20,娯楽,¥160,ライン漫画
2023/01/21,飲食費,"¥2,056",コンビニ飯
2023/01/21,飲食費,"¥20,440",ベンガル
2023/01/21,娯楽,"¥32,450",キングダム漫画
2023/01/21,娯楽,"¥24,872",ゴルフ
2023/01/21,旅費交通費,¥940,海老名→伊勢原→海老名東名高速
2023/01/21,旅費交通費,¥400,海老名パーキング
2023/01/22,自己投資,¥620,コメダ珈琲
2023/01/22,その他,"¥36,976",会長誕生日代
2023/01/22,飲食費,"¥1,440",大戸屋
2023/01/23,飲食費,¥214,水
2023/01/23,自己投資,"¥1,560",コメダ
2023/01/23,旅費交通費,¥900,高速道路
2023/01/23,旅費交通費,¥800,パーキング
2023/01/23,自己投資,"¥2,150",おかげ庵
2023/01/24,飲食費,¥214,水
2023/01/24,旅費交通費,¥220,チャリ代
2023/01/24,自己投資,"¥1,560",コメダ珈琲
2023/01/25,生活,¥490,
2023/01/25,その他,"¥33,000",菜々子保険
2023/01/25,旅費交通費,¥440,海老名→町田→海老名
2023/01/25,自己投資,¥320,歯医者
2023/01/25,自己投資,¥360,キーズカフェ
2023/01/25,その他,"¥209,800",iPhone14 PROMAX
2023/01/26,生活,¥214,水
2023/01/26,その他,"¥4,576",iPhoneガラス
2023/01/26,通信費,"¥13,388",12月ケータイ代
2023/01/26,自己投資,"¥1,240",コメダ珈琲
2023/01/26,水道光熱費,"¥3,132",水道費
2023/01/27,娯楽,"¥3,800",映画アバター
2023/01/27,その他,"¥6,700",手揉みマッサージ
2023/01/27,自己投資,¥620,コメダ
2023/01/27,飲食費,"¥2,090",ことしろ
2023/01/27,水道光熱費,"¥7,509",電気代
2023/01/27,住宅,"¥59,070",管理費
2023/01/27,借金,"¥510,300",奨学金返済
2023/01/28,生活,"¥1,932",化粧水導入液、歯ブラシ、水
2023/01/28,自己投資,"¥1,240",コメダ珈琲
2023/01/28,その他,"¥20,800",Apple スタンド
2023/01/28,飲食費,"¥2,190",ことしろ
2023/01/28,その他,"¥24,060",マリアテラス会長誕生日
2023/01/29,飲食費,¥116,水
2023/01/29,飲食費,"¥1,460",映画ポップコーン
2023/01/29,飲食費,"¥2,090",ことしろ
2023/01/29,自己投資,¥620,コメダ
2023/01/30,飲食費,¥116,水
2023/01/30,自己投資,"¥1,760",歯医者
2023/01/30,自己投資,¥360,キーズカフェ
2023/01/30,旅費交通費,¥220,海老名→町田
2023/01/30,自己投資,¥620,コメダ珈琲
2023/01/31,自己投資,¥620,コメダ珈琲
2023/02/01,飲食費,¥116,水
2023/02/01,旅費交通費,¥220,駐輪代
2023/02/01,飲食費,"¥3,157",こめらく
2023/02/01,自己投資,"¥1,760",コメダ珈琲
2023/02/01,自己投資,"¥44,000",Dr.stretch
2023/02/02,飲食費,¥116,水
2023/02/02,自己投資,"¥1,240",コメダ珈琲
2023/02/02,娯楽,¥400,ゲーム
2023/02/02,飲食費,"¥2,190",ことしろ
2023/02/02,その他,"¥15,000",菜々子美容院FX約束破り
2023/02/03,飲食費,¥116,水
2023/02/03,自己投資,¥620,コメダ珈琲
2023/02/03,飲食費,"¥2,090",ことしろ
2023/02/04,その他,"¥1,518",アイフォンカバーカメラ
2023/02/04,娯楽,¥160,LINE漫画
2023/02/04,自己投資,¥620,コメダ珈琲
2023/02/06,自己投資,¥620,コメダ珈琲
2023/02/07,飲食費,¥450,苺大福、水
2023/02/07,旅費交通費,¥440,町田→東山田
2023/02/07,自己投資,¥400,キーズカフェ
2023/02/07,自己投資,"¥1,080",ラテグラフィック
2023/02/08,自己投資,¥620,コメダ珈琲
2023/02/08,飲食費,"¥2,070",大戸屋
2023/02/09,自己投資,"¥1,160",コメダ珈琲
2023/02/09,飲食費,"¥2,950",大戸屋
2023/02/10,飲食費,"¥6,468",ジンギスカン 秦野
2023/02/10,自己投資,¥674,スタバ
2023/02/10,旅費交通費,¥350,海老名→本厚木→鶴巻温泉
2023/02/10,飲食費,"¥2,930",焼肉ライク
2023/02/10,自己投資,¥620,コメダ珈琲
2023/02/11,飲食費,"¥3,810",荻野 大戸屋
2023/02/11,旅費交通費,¥440,海老名→伊勢原→海老名
2023/02/11,自己投資,¥620,コメダ
2023/02/12,飲食費,¥116,水
2023/02/12,自己投資,¥620,コメダ珈琲
2023/02/12,飲食費,"¥3,720",ことしろ
2023/02/13,飲食費,¥862,オリーブオイル
2023/02/13,自己投資,"¥5,600",コメダチケット
2023/02/13,自己投資,"¥631,600",MacBook pro16インチ
2023/02/13,その他,"¥33,062",マンション風呂の蓋
2023/02/14,飲食費,"¥4,230",ラーメン withうとー君、たつき
2023/02/14,自己投資,¥450,エクセシオールカフェ
2023/02/14,自己投資,¥100,コメダ珈琲
2023/02/14,その他,"¥1,007",アイフォン置き台
2023/02/14,娯楽,"¥5,500",⛳️打ちっぱなし
2023/02/15,旅費交通費,¥618,センター南→海老名
2023/02/15,飲食費,"¥3,036",しんぱち食堂
2023/02/15,旅費交通費,¥487,みなとみらい→センター南
2023/02/15,その他,"¥39,600",フローリング補修
2023/02/15,飲食費,¥556,コンビニ飯
2023/02/15,娯楽,"¥21,710",万葉の湯
2023/02/16,飲食費,¥232,水
2023/02/16,旅費交通費,¥220,チャリ
2023/02/16,住宅,"¥226,983",アルビ住宅ローン
2023/02/16,飲食費,"¥3,620",ことしろ
2023/02/18,自己投資,¥720,コメダ珈琲
2023/02/18,娯楽,"¥19,200",ゴルフ
2023/02/18,飲食費,¥116,水
2023/02/19,飲食費,¥690,BAKE
2023/02/19,自己投資,"¥1,340",コメダ珈琲
2023/02/19,飲食費,¥800,すき家
2023/02/19,自己投資,"¥2,111",DS
2023/02/20,旅費交通費,¥340,町田→東山田
2023/02/20,自己投資,¥710,赤田歯科（根幹治療3/4）
2023/02/20,旅費交通費,¥220,海老名→町田
2023/02/20,自己投資,"¥3,179",ラテグラ
2023/02/20,自己投資,"¥1,045",ジェットブレイン
2023/02/21,自己投資,"¥8,800",ジム
2023/02/21,飲食費,¥116,水
2023/02/21,飲食費,"¥3,740",ことしろ
2023/02/22,飲食費,"¥8,760",ピザーラ
2023/02/22,飲食費,"¥5,810",ことしろ
2023/02/22,その他,¥600,住民票、印鑑証明書
2023/02/22,自己投資,¥170,コメダ珈琲
2023/02/22,その他,"¥490,000",新居引越し代
2023/02/23,自己投資,¥720,コメダ珈琲
2023/02/23,飲食費,¥850,すき家
2023/02/23,娯楽,"¥3,000",コメダ珈琲
2023/02/23,娯楽,"¥1,600",大富豪
2023/02/23,娯楽,¥500,トランプ
2023/02/24,飲食費,¥660,梅、チョコ
2023/02/24,自己投資,¥170,コメダ珈琲
2023/02/24,自己投資,"¥3,040",PYQ
2023/02/25,自己投資,"¥1,100",コメダ珈琲
2023/02/26,娯楽,"¥7,250",てもみ 海老名店マッサージ
2023/02/26,飲食費,"¥4,150",大戸屋
2023/02/26,自己投資,"¥1,078",ラテグラ
2023/02/26,飲食費,¥455,コンビニ
2023/02/27,飲食費,¥850,すき家
2023/02/27,住宅,"¥65,070",管理費
2023/02/27,水道光熱費,"¥6,079",電気代
2023/02/27,その他,"¥7,780",アイペット損保
2023/02/28,その他,"¥33,062",お風呂の蓋
2023/03/01,飲食費,"¥9,460",ことしろ
2023/03/01,自己投資,"¥10,110",Udemy 機械学習
2023/03/01,自己投資,¥960,エクセシオールカフェ
2023/03/01,住宅,"¥40,140",抵当権抹消費用
2023/03/02,飲食費,"¥3,780",矢場とん
2023/03/02,その他,¥500,ホテル洗濯
2023/03/02,娯楽,"¥12,240",アパホテル名古屋
2023/03/02,旅費交通費,"¥10,430",新横浜→名古屋 新幹線一般
2023/03/02,飲食費,"¥2,060",崎陽軒
2023/03/02,飲食費,"¥1,060",京樽
2023/03/02,その他,"¥7,500",ホテルリブマックス新横浜
2023/03/03,飲食費,"¥10,000",焼き鳥
2023/03/03,その他,"¥12,600",安心お宿カプセルホテル
2023/03/03,飲食費,"¥2,000",利久
2023/03/03,飲食費,¥235,アルフォート水
2023/03/04,旅費交通費,"¥3,100",伊勢原→都築高速道路
2023/03/04,旅費交通費,"¥4,200",伊勢taxi往復
2023/03/04,旅費交通費,"¥14,090",新幹線 名古屋→新横浜グリーン
2023/03/04,旅費交通費,"¥5,620",近鉄名古屋→宇治山田
2023/03/04,飲食費,¥250,お土産
2023/03/04,飲食費,"¥4,644",赤福お土産
2023/03/04,飲食費,"¥1,650",カキフライ、牡蠣ご飯
2023/03/04,飲食費,¥766,スタバ
2023/03/04,その他,"¥10,400",レンタカー引っ越し延長料金
2023/03/05,自己投資,"¥7,150",ROKUサウナ
2023/03/05,自己投資,"¥1,520",エクセシオールカフェ
2023/03/05,その他,"¥11,396",ニトリ生活備品
2023/03/05,その他,"¥11,123",家具
2023/03/05,旅費交通費,¥646,淵野辺駅→仲町台
2023/03/05,飲食費,"¥1,840",大戸屋
2023/03/05,その他,"¥65,455",引っ越し家電 バーミキュラ炊飯器
2023/03/05,その他,"¥87,200",引っ越し家電 バルミューダ一色
2023/03/05,生活,"¥2,794",ホワイトムスク ルームフレグランス、ボディミスト
2023/03/05,自己投資,¥450,DOUTOR cafe
2023/03/05,旅費交通費,¥646,仲町台→淵野辺
2023/03/05,旅費交通費,¥220,センター南→仲町台
2023/03/06,旅費交通費,"¥3,000",ガソリン代
2023/03/06,自己投資,¥500,コメダ珈琲
2023/03/06,自己投資,"¥1,800",赤田歯科根幹治療4/4
2023/03/06,飲食費,"¥6,090",fresco
2023/03/06,旅費交通費,¥220,仲町台→センター南
2023/03/06,飲食費,¥701,コンビニ飯
2023/03/07,自己投資,¥390,スタバ
2023/03/07,その他,"¥98,200",カナでものインテリア
2023/03/07,自己投資,¥450,エクセシオールcafe
2023/03/08,自己投資,¥555,タリーズカフェ
2023/03/08,自己投資,¥450,エクセシオールcafe
2023/03/08,自己投資,"¥12,430",サウナ
2023/03/08,生活,"¥2,200",シューズ匂い消し
2023/03/08,生活,"¥3,790",スニーカークリーナー
2023/03/08,旅費交通費,¥220,センター南→仲町台
2023/03/09,飲食費,"¥5,720",辰巳飯店
2023/03/09,飲食費,¥360,コンビニ飯
2023/03/09,自己投資,¥760,エクセシオール
2023/03/09,自己投資,¥709,スタバ
2023/03/09,飲食費,¥238,コンビニ飯
2023/03/09,旅費交通費,¥220,仲町台→センター南駅
2023/03/10,飲食費,¥532,団子
2023/03/10,飲食費,¥395,水、レッドブル
2023/03/10,飲食費,"¥2,000",自由亭
2023/03/10,自己投資,¥390,スタバ
2023/03/10,旅費交通費,¥220,仲町台→センター南
2023/03/11,通信費,"¥29,075",スマホ代1月分
2023/03/11,自己投資,"¥21,018",コワーキングスペース
2023/03/11,自己投資,"¥2,700",コワーキングスペース
2023/03/11,飲食費,"¥7,189",寿司
2023/03/11,旅費交通費,¥220,仲町台→センター南
2023/03/12,自己投資,"¥7,150",サウナ
2023/03/12,その他,"¥2,199",リメイクシート天井ブラック
2023/03/13,自己投資,¥710,スタバ
2023/03/13,その他,"¥6,490",レンタカー
2023/03/13,自己投資,"¥2,000",歯医者根幹治療 ラストスパート
2023/03/13,生活,"¥1,320",傘
2023/03/14,その他,"¥16,720",家具
2023/03/14,生活,"¥5,570",ニトリ
2023/03/14,生活,"¥2,256",ホワイトムスクシャンプー、ボディーソープ
2023/03/14,その他,"¥25,880",ブラインド、本棚
2023/03/14,その他,"¥33,440",家具照明kanademono
2023/03/15,自己投資,¥760,エクセシオールカフェ
2023/03/15,その他,"¥36,300",確定申告
2023/03/15,飲食費,¥387,コンビニ飯のど飴、アルフォート
2023/03/16,自己投資,¥450,エクセシオールカフェ
2023/03/16,自己投資,¥440,ノート
2023/03/16,生活,¥581,ティッシュ、のど飴
2023/03/16,自己投資,¥760,エクセシオール
2023/03/17,その他,"¥17,900",観葉植物
2023/03/17,その他,"¥7,198",リメイクシート天井
2023/03/17,その他,"¥78,800",kanademonoチェア、照明、棚
2023/03/17,自己投資,¥760,エクセシオールcafe
2023/03/17,飲食費,"¥1,980",しんぱち食堂
2023/03/17,その他,"¥6,400",絵画
2023/03/18,水道光熱費,"¥14,466",ガス代海老名2月
2023/03/18,自己投資,"¥46,300",AirPods Max
2023/03/18,自己投資,¥430,エクセシオールcafe
2023/03/18,飲食費,"¥1,600",天ぷらたかお
2023/03/18,その他,"¥7,387",AirPods Max置き
2023/03/18,自己投資,¥790,スタバ
2023/03/19,自己投資,"¥2,090",DS-hub
2023/03/20,飲食費,¥780,松屋
2023/03/20,自己投資,¥760,エクセシオール
2023/03/20,飲食費,¥653,昼食 コンビニ
2023/03/20,自己投資,"¥12,424",notion年間払い
2023/03/20,自己投資,"¥1,045",ジェットブレイン
2023/03/22,自己投資,¥450,エクセシオール
2023/03/22,その他,"¥31,800",足脱毛
2023/03/23,自己投資,¥710,エクセシオール
2023/03/24,飲食費,¥449,コンビニ おにぎり
2023/03/24,自己投資,¥710,エクセシオール
2023/03/24,自己投資,"¥3,040",PyQ
2023/03/25,自己投資,"¥3,850",シェアラウンジ
2023/03/25,自己投資,"¥15,400",シェアラウンジ
2023/03/25,飲食費,"¥3,267",コメラク
2023/03/25,その他,"¥3,500",荻野サウナ
2023/03/25,旅費交通費,¥636,仲町台→新横浜
2023/03/26,旅費交通費,¥420,電車 センター南→仲町台→センター南
2023/03/27,自己投資,¥860,エクセ
2023/03/27,その他,"¥3,870",ゴム
2023/03/27,飲食費,"¥3,366",しんぱち
2023/03/27,その他,"¥4,310",モモ保険
2023/03/27,通信費,"¥13,889",スマホ代2月分
2023/03/27,水道光熱費,"¥4,765",電気代海老名
2023/03/27,水道光熱費,"¥4,331",水道料金海老名
2023/03/28,自己投資,"¥3,000",骨盤矯正
2023/03/28,自己投資,"¥33,320",会社設立印鑑費用
2023/03/28,飲食費,¥348,コンビニ飯
2023/03/28,娯楽,"¥7,194",ゴルフ
2023/03/28,飲食費,¥218,コンビニ飯
2023/03/29,飲食費,"¥4,587",紫禁城
2023/03/29,飲食費,"¥3,157",こめらく
2023/03/29,旅費交通費,¥209,大和→海老名
2023/03/29,旅費交通費,¥450,仲町台→町田
2023/03/29,自己投資,¥180,赤田歯科
2023/03/29,その他,"¥1,307,600",R4年度個人所得税
2023/03/30,飲食費,¥830,エクセシオール
2023/03/30,飲食費,"¥6,105",ジンギスカン
2023/03/31,娯楽,"¥5,000",RIZIN41
2023/03/31,自己投資,¥390,スタバ
2023/03/31,飲食費,¥354,コンビニ飯
2023-07-01,飲食費,804,コンビニ
2023-07-01,自己投資,200,コメダ
2023-07-01,旅費交通費,484,仲町台→センター北→仲町台
2023-07-02,飲食費,8681,銀の皿
2023-07-02,自己投資,200,コメダ珈琲
2023-07-02,その他,980,Google playジャパン
2023-07-02,自己投資,1480,G検定
2023-07-02,自己投資,1200,G検定アプリ
2023-07-02,旅費交通費,242,仲町台→センター北
2023-07-03,飲食費,321,蒟蒻畑
2023-07-03,飲食費,909,コンビニ、シャトレーゼ
2023-07-03,旅費交通費,484,仲町台→センター南→仲町台
2023-07-03,その他,128300,令和5年度住民税1期
2023-07-03,自己投資,1130,スタバ
2023-07-03,自己投資,5150,統計検定4級
2023-07-04,自己投資,5600,3DCG Udemy
2023-07-04,自己投資,100,コメダ珈琲
2023-07-04,娯楽,528,漫画ONE PIECE106巻
2023-07-04,飲食費,859,スーパー
2023-07-05,自己投資,3040,PYQ
2023-07-05,娯楽,6070,MacBookカバー
2023-07-05,自己投資,100,コメダ珈琲
2023-07-05,飲食費,2307,スーパー
2023-07-06,飲食費,432,コンビニ
2023-07-06,飲食費,524,スーパー
2023-07-06,自己投資,530,コメダ珈琲
2023-07-07,飲食費,3146,スーパー
2023-07-08,自己投資,2974,チャットGPT
2023-07-08,旅費交通費,694,仲町台→あざみの→おかげ庵→仲町台
2023-07-08,飲食費,3100,おかげ庵
2023-07-09,旅費交通費,242,仲町台→センター北
2023-07-09,自己投資,4300,コメダチケット
2023-07-09,飲食費,622,スーパー
2023-07-10,自己投資,100,コメダ珈琲
2023-07-10,その他,54500,固定資産税海老名
2023-07-11,自己投資,690,エクセ
2023-07-11,飲食費,500,コンビニ
2023-07-11,自己投資,100,コメダ珈琲
2023-07-12,旅費交通費,242,仲町台→センター北
2023-07-12,飲食費,527,スーパー
2023-07-12,自己投資,100,コメダ
2023-07-12,飲食費,2200,鎌倉パスタ
2023-07-12,自己投資,860,エクセ
2023-07-13,旅費交通費,242,仲町台→センター北
2023-07-13,自己投資,100,コメダ
2023-07-13,飲食費,859,干し芋
2023-07-13,旅費交通費,242,センター南→仲町台
2023-07-13,娯楽,43770,ブラック服
2023-07-14,旅費交通費,484,仲町台→あざみ野→仲町台
2023-07-15,飲食費,6000,とろろなんちゃら
2023-07-15,旅費交通費,938,仲町台→二子玉川→仲町台
2023-07-15,自己投資,1606,スタバ
2023-07-15,飲食費,149,うめのり
2023-07-16,飲食費,2748,会長宅パーティ
2023-07-16,飲食費,3280,コメダ珈琲
2023-07-17,飲食費,859,スーパー
2023-07-18,旅費交通費,242,仲町台→センター北
2023-07-18,自己投資,530,コメダ
2023-07-18,飲食費,946,スーパー
2023-07-19,飲食費,429,スーパー
2023-07-19,自己投資,400,キーズカフェ
2023-07-19,自己投資,2750,赤田歯科
2023-07-20,自己投資,100,コメダ珈琲
2023-07-20,飲食費,1270,コンビニ
2023-07-21,自己投資,2941,ホリエモン書籍
2023-07-21,飲食費,376,コンビニ
2023-07-21,娯楽,5000,LINE漫画
2023-07-21,自己投資,100,コメダ珈琲
2023-07-22,自己投資,11900,キノクエスト python
2023-07-22,自己投資,4500,コメダ珈琲
2023-07-22,飲食費,990,コンビニ
2023-07-23,飲食費,188,スタバ
2023-07-23,旅費交通費,1732,仲町台→伊勢原→仲町台
2023-07-23,旅費交通費,242,仲町台→センター北
2023-07-23,自己投資,100,コメダ珈琲
2023-07-23,飲食費,800,クレープ、コンビニ
2023-07-24,旅費交通費,242,仲町台→センター北
2023-07-24,飲食費,654,コンビニ
2023-07-25,飲食費,321,スーパー
2023-07-25,自己投資,716,コメダ珈琲
2023-07-25,飲食費,500,コンビニ
2023-07-26,飲食費,321,スーパー
2023-07-26,自己投資,3899,AI書籍
2023-07-26,自己投資,1300,コメダ
2023-07-26,飲食費,432,コンビニ
2023-07-27,自己投資,100,コメダ珈琲
2023-07-27,住宅,98430,家賃
2023-07-27,自己投資,1513,AI書籍
2023-07-27,その他,4550,映画、食事、その他
2023-07-27,その他,4310,モモ保険
2023-07-27,娯楽,1130,LINEスタンプ
2023-07-28,飲食費,438,コンビニ
2023-07-28,飲食費,1875,弁当
2023-07-28,飲食費,2500,ラーメン
2023-07-29,旅費交通費,240,仲町台→センター北
2023-07-29,自己投資,740,コメダ珈琲
2023-07-30,その他,500,Amazonプライム
2023-07-30,旅費交通費,242,仲町台→センター北
2023-07-30,旅費交通費,1256,センター北→伊勢原→仲町台
2023-07-31,通信費,5283,ケータイ
2023-07-31,自己投資,100,コメダ
2023/08/01,住宅,"¥98,430",家賃
2023/08/01,生活,"¥20,930",UNIQLO、日傘、PC用眼鏡
2023/08/01,自己投資,¥100,コメダ珈琲
2023/08/01,飲食費,¥500,積田食堂
2023/08/01,その他,"¥1,553",Amazon？？
2023/08/01,飲食費,¥599,スーパー
2023/08/01,旅費交通費,¥242,仲町台→センター北
2023/08/01,その他,¥864,noteホリエモンブログ
2023/08/02,旅費交通費,¥242,仲町台→センター北
2023/08/02,飲食費,¥500,積田食堂
2023/08/02,その他,¥980,YouTube music
2023/08/02,飲食費,¥759,スーパー、コンビニ
2023/08/02,自己投資,¥640,コメダ珈琲
2023/08/03,自己投資,"¥55,730","アンドスタディ、8,9月分➕入会金"
2023/08/03,飲食費,¥278,スーパー
2023/08/03,自己投資,¥100,コメダ珈琲
2023/08/03,その他,¥400,Apple 、iCloud➕
2023/08/03,その他,"¥1,130",LINEスタンプ
2023/08/03,旅費交通費,¥242,仲町台→センター北
2023/08/03,飲食費,¥130,水
2023/08/04,自己投資,¥100,コメダ珈琲
2023/08/04,旅費交通費,¥484,仲町台→センター北→仲町台
2023/08/04,飲食費,"¥1,830",サーティワン
2023/08/04,自己投資,"¥4,554",農業本
2023/08/05,飲食費,¥130,水
2023/08/05,自己投資,¥100,コメダ珈琲
2023/08/05,旅費交通費,¥242,仲町台→センター北
2023/08/05,娯楽,"¥3,000",映画ミッションイッポッシブル
2023/08/06,飲食費,"¥2,585",鳥玉、鳥と卵の専門店
2023/08/06,飲食費,"¥1,700",映画、チュリトス、ポップコーン
2023/08/06,旅費交通費,¥210,センター南→仲町台
2023/08/07,自己投資,"¥1,945",AI書籍、統計学が最強の学問である。数学編
2023/08/07,旅費交通費,¥242,センター北→仲町台
2023/08/07,旅費交通費,¥210,仲町台→センター南
2023/08/07,飲食費,"¥1,000",積田食堂2日分
2023/08/08,飲食費,"¥1,990",サブウェイ
2023/08/08,生活,"¥1,720",コンビニ
2023/08/08,旅費交通費,¥242,センター北→仲町台
2023/08/08,自己投資,"¥2,940",chatgpt
2023/08/08,旅費交通費,¥242,仲町台→センター北
2023/08/09,旅費交通費,¥242,仲町台→あざみ野
2023/08/09,飲食費,"¥1,293",スーパー文化堂
2023/08/09,旅費交通費,¥242,あざみの→仲町台
2023/08/10,生活,"¥6,370",UNIQLO
2023/08/10,自己投資,¥640,コメダ珈琲
2023/08/10,その他,"¥5,000",前川君誕生日プレゼント
2023/08/11,自己投資,¥640,コメダ珈琲
2023/08/11,飲食費,"¥1,260",サブウェイ
2023/08/11,飲食費,¥278,スーパー
2023/08/12,飲食費,"¥1,400",YAMACAFE
2023/08/12,旅費交通費,¥971,伊勢原→本厚木→海老名→仲町台
2023/08/12,旅費交通費,¥807,センター北→秦野
2023/08/12,自己投資,¥640,コメダ珈琲
2023/08/13,飲食費,¥270,スーパー
2023/08/13,自己投資,¥100,コメダ珈琲
2023/08/13,旅費交通費,¥242,仲町台→センター北
2023/08/13,旅費交通費,¥242,センター北→仲町台
2023/08/14,旅費交通費,¥242,仲町台→センター北
2023/08/14,その他,"¥7,335",IKDTシャツ
2023/08/14,旅費交通費,¥242,あざみの→仲町台
2023/08/15,飲食費,¥370,お菓子andスタディ
2023/08/15,飲食費,¥500,積田食堂
2023/08/15,自己投資,¥460,コメダ珈琲
2023/08/15,旅費交通費,¥242,仲町台→センター北
2023/08/15,飲食費,¥140,自販機
2023/08/15,旅費交通費,¥242,センター北→仲町台
2023/08/16,自己投資,¥100,コメダ珈琲
2023/08/16,自己投資,"¥4,200",コメダ珈琲チケット
2023/08/16,飲食費,"¥2,050",大戸屋
2023/08/17,旅費交通費,¥242,仲町台→センター北
2023/08/17,飲食費,¥130,水自動販売機
2023/08/17,自己投資,¥100,コメダ珈琲
2023/08/17,娯楽,"¥6,120",カラオケ
2023/08/17,旅費交通費,¥242,センター北→仲町台
2023/08/18,旅費交通費,¥242,仲町台駅→センター北
2023/08/18,自己投資,¥100,コメダ珈琲
2023/08/18,水道光熱費,"¥7,677",東京ガス
2023/08/19,飲食費,¥319,コンビニ
2023/08/19,旅費交通費,¥242,センター北→仲町台
2023/08/20,旅費交通費,¥242,センター北→仲町台
2023/08/20,飲食費,"¥6,060",ピザーラ
2023/08/20,旅費交通費,¥242,仲町台→センター北
2023/08/20,飲食費,¥278,スーパー
2023/08/20,その他,"¥2,164",コンドーム
2023/08/20,自己投資,¥100,コメダ珈琲
2023/08/21,旅費交通費,¥242,仲町台→センター北
2023/08/21,自己投資,¥100,コメダ珈琲
2023/08/21,旅費交通費,¥420,センター北→町田
2023/08/21,飲食費,"¥3,806",CAFEKATSUO
2023/08/21,住宅,¥450,町田→仲町台
2023/08/21,自己投資,"¥1,090",歯医者
2023/08/22,飲食費,"¥1,080",バーガーキング
2023/08/22,生活,"¥1,480",散髪
2023/08/22,旅費交通費,¥250,センター北→仲町台
2023/08/22,自己投資,"¥11,900",キノクエスト
2023/08/22,自己投資,"¥4,300",コメダ珈琲チケット
2023/08/22,飲食費,¥110,コンビニ水
2023/08/23,飲食費,¥278,スーパー
2023/08/23,旅費交通費,¥242,仲町台→センター北
2023/08/23,自己投資,¥100,コメダ珈琲
2023/08/23,飲食費,¥110,お菓子
2023/08/23,旅費交通費,¥242,センター北→仲町台
2023/08/24,飲食費,¥140,麦茶
2023/08/25,旅費交通費,¥210,あざみ野→あざみ野ガーデンズ
2023/08/25,旅費交通費,¥242,あざみ野→仲町台
2023/08/25,旅費交通費,¥242,仲町台→あざみ野
2023/08/25,娯楽,"¥2,460",LINE漫画
2023/08/26,自己投資,¥100,コメダ珈琲
2023/08/26,飲食費,¥714,スーパー
2023/08/26,旅費交通費,¥242,センター北→仲町台
2023/08/27,旅費交通費,¥242,センター北→仲町台
2023/08/27,飲食費,¥80,コメダ珈琲
2023/08/27,飲食費,¥395,コンビニ のど飴
2023/08/27,飲食費,"¥1,880",大戸屋
2023/08/28,その他,"¥4,310",モモアイペット損保
2023/08/28,飲食費,¥489,コンビニ
2023/08/29,自己投資,¥100,コメダ珈琲
2023/08/29,旅費交通費,¥242,仲町台→センター北
2023/08/29,旅費交通費,¥242,センター北→仲町台
2023/08/30,その他,¥500,Amazonプライム
2023/08/30,旅費交通費,¥242,仲町台→センター北
2023/08/30,自己投資,¥100,コメダ珈琲
2023/08/30,飲食費,"¥1,480",サブウェイ
2023/08/31,通信費,"¥5,921",ahamo
2023/08/31,自己投資,"¥4,300",コメダ珈琲チケット
2023/08/31,飲食費,¥850,すき家
2023/08/31,旅費交通費,¥242,センター北→仲町台
,通信費,"¥14,909",スマホ
,住宅,"¥226,358",住宅ローン
,住宅,"¥59,070",管理費